Generic,Brand,Drug Class,Formulation,Side Effects (Common),Side Effects (Rare but Serious),Contraindications/Black Box Warnings
Acyclovir,Zovirax,Viral DNA Polymerase Inhibitor,"capsule, suspension, tablet",malaise,"Severe hypersensitivity, renal failure, TTP",None
Adapalene,"Differin, Plixda","Retinoid, Antiacne","cream, gel, lotion, pad, solution","dry, scaly skin, red, burning",Angioedema,None
Albendazole,Albenza,Anthelmintic,tablet,"H/A, increased LFTs","Severe hypersensitivity, renal failure, hepatic failure, aplastic anemia, agranulocytosis, Stevens-Johnson syndrome",None
Albuterol,"ProAir HFA, Proventil HFA, Ventolin HFA, ProAir Respiclick","Beta-2 Adrenergic Agonist, Selective","inhaler, nebulization solution for inhalation, tablet, syrup","Nausea, pharyngitis, rhinitis, throat irritation, upper respiratory tract infections, tremor, nervousness","Paradoxical bronchospasms, pulmonary edema, atrial fibrillation",None
Alendronate,"Fosamax, Binosto",Bisphosphonate,"tablet, solution","fever, gastric ulcer, flu-like symptoms, decreased serum calcium","Osteonecrosis of the jaw, esophageal cancer, immune hypersensitivity, arrhythmia, fractures","CI: Esophageal abnormalities, hypersensitivity, hypocalcemia, inability to sit or stand upright for at least 30 min; increased risk for adverse esophageal effects"
Allopurinol,Zyloprim,"Antigout, Xanthine Oxidase Inhibitor",tablet,"worsening gout at first, maculopapular rash","Stevens-Johnson syndrome, toxic epidermal necrolysis, agranulocytosis, aplastic anemia, thrombocytopenia, granulomatous hepatitis, hepatotoxicity, immune hypersensitivity reaction, renal failure",CI: concurrent use of didanosine
Alprazolam,Xanax,"Benzodiazepine, Short or Immediate","tablet (IR, ER), ODT, solution","retrograde amnesia, ataxia, lethargy, weight gain, appetite changes, constipation, decreased libido","Seizures, mania, depression, liver failure, Stevens-Johnson syndrome","CI: narrow-angle glaucoma, concurrent ketoconazole, or itraconazole, BW: Concurrent use with opioids"
Amiodarone,"Cordarone, Pacerone","Antiarrhythmic, Class 3",tablet,"N/V, phosopholipidemia","Blindness, hepatotoxicity, pulmonary fibrosis, Stevens-Johnson syndrome, thyrotoxicosis, ventricular arrhythmias","CI: severe sinus node dysfunction, 2nd- or 3rd-degree AV block, and cardiogenic shock BW: Arrhythmias, hepatotoxicity, proarrhythmic effects, pulmonary toxicity"
Amitriptyline,Elavil,Tricyclic Antidepressant,tablet,Sedation,"Cardiac dysrhythmia, hepatotoxicity, seizures, suicidal thoughts","CI: concurrent MAOI or MAOI use in last 14 d; use during acute recovery period after MI, coadministration of cisapride BW: not approved for children <12 y of age"
Amlodipine,Norvasc,CCB,tablet,peripheral and pulmonary edema,"Hepatotoxicity, thrombocytopenia, AMI, angina",None
Amoxicillin,"Amoxil, Moxatag",Beta-lactam Antibiotic,"tablet, suspension, capsule","diarrhea, nausea","Severe hypersensitivity, renal failure, hepatic failure, pancytopenia",None
Amoxicillin/Clavulanate,Augmentin,Beta-lactam Antibiotic,"tablet, suspension, capsule","diarrhea, nausea","Severe hypersensitivity, renal failure, hepatic failure, pancytopenia","CI: Extended release products are contraindicated in patients on dialysis or severe renal dysfunction, history of cholestatic jaundice or hepatic dysfunction with amoxicillin/clavulanate therapy"
Anastrozole,Arimidex,Aromatase inhibitor (Oncology),tablet,"N/V, edema, HTN, vasodilation, osteoporosis, hot flashes, depression, GI disorder","MI, endometrial cancer, cerebrovascular accident",CI: PREGNANCY
Apixaban,Eliquis,Factor Xa Inhibitor,tablet,bleeding,"Hypotension, hypersensitivity",CI: Active bleeding BW: Premature discontinuation increases risk of thrombotic events; increased risk of spinal hematoma with spinal puncture or neuraxial anesthesia
Aripiprazole,Abilify,"Antipsychotic, Second Generation","tablet, injection","akathisia, anxiety, extrapyramidal, H/A increased appetite (weight gain), somnolence","Slowed or difficult breathing when used in combination with opioids, compulsive behaviors, neuroleptic malignant syndrome, pancytopenia, QT prolongation, seizures, suicidal thoughts, tardive dyskinesia","BW: dementia, suicide"
Atazanavir,Reyataz,"Antiretroviral Agent, Protease Inhibitor","capsule, oral powder","rash, hyperlipid, increased LFT, stomach pain, increased bilirubin, cough, fever","Hypersensitivity, renal failure, PR and QTc prolongation, torsades de pointes, cholelithiasis, left bundle branch block",None
Atenolol,Tenormin,"Beta adrenergic blocker, Selective",tablet,"decreased HR, cold extremities, dizziness, hypotension, depression",None,"BW: avoid abrupt withdrawal CI: Hypersensitivity to atenolol, sinus bradycardia, 2nd- or 3rd-degree AV block, overt heart failure or cardiogenic shock"
Atomoxetine,Strattera,"Norepinephrine Reuptake Inhibitor, CNS Stimulant",capsule,"abdominal pain, H/A, insomnia, loss of appetite (weight loss), xerostomia","Dyskinesia, mania, prolonged QTc interval, psychotic disorders, seizure, suicidal thoughts, sudden cardiac death, tachycardia, hepatotoxicity","CI: concomitant use of MAOIs or use within 2 wk; narrow-angle glaucoma, pheochromocytoma, severe cardiac or vascular disorders in which condition would be expected to deteriorate with clinically important increases in BP or HR BW: Suicidality in children and adolescents"
Atorvastatin,Lipitor,HMG-CoA reductase inhibitor,tablet,"myopathy, D, H/A","Rhabdomyolysis, tendon rupture","CI: Hypersensitivity to atorvastatin, use in breastfeeding, active liver disease, unexplained persistent elevations of serum transaminases"
Azathioprine,"Azaman, Imuran",Immunosuppressant Agent,tablet,"leukopenia, N, infection","Neoplasia, pancreatitis","CI: Pregnancy (for rheumatoid arthritis), prior alkylating therapy BW: Malignancy"
Azelastine,"Astelin, Astepro","Antihistamine, Nasal",nasal spray,"bitter taste in mouth, H/A, somnolence",None,None
Azithromycin,"Zithromax, Z-Pak",Macrolide Antibiotic,"tablet, suspension, capsule",N/V/D,"Stevens-Johnson syndrome, chest pain, severe hypersensitivity, myasthenia gravis, QTc prolongation, torsades de pointes, hepatitis","CI: Hypersensitivity to azithromycin, erythromycin, or any macrolide or ketolide antibiotic"
Baclofen,Lioresal,Centrally Acting Skeletal Muscle Relaxant,tablet,"nausea, astenia, dizziness, somnolence, confusion","Slowed or difficult breathing when used in combination with opioids, pneumonia, GI hemorrhage, seizure",BW: Avoid abrupt discontinuation of oral or intrathecal product
Benazepril,Lotensin,ACE inhibitor,tablet,"N/V/D, dizziness, dry cough, fatigue, H/A, hyperkalemia, nephrotoxic, rash, tachycardia","Angioedema, birth defects, liver failure, Stevens-Johnson syndrome","BW: Pregnancy, fetal toxicity CI: history of angioedema; anuria; concomitant use with aliskiren in patients with diabetes mellitus; concurrent sacubitril"
Benzonatate,Tessalon Perles,Antitussive,capsule,oral and pharyngeal numbness with chewing,None,None
Benztropine,Cogentin,"Antiparkinsonian, Anticholinergic",tablet,"constipation, nausea","Anhidrosis, drug-induced psychosis, heat stroke, increased body temperature, tachycardia, visual hallucination","CI: Hypersensitivity to benztropine, patients <3 y of age"
Bimatoprost,"Lumigan, Latisse","Prostaglandin, Antiglaucoma",ophthalmic solution,"ocular pruritus, conjunctival hyperemia","Macular retinal edema, bacterial keratitis",None
Bisoprolol,Zebeta,Beta adrenergic blocker,tablet,"bradyarrhythmias, cold extremities, dizziness, fatigue, hypotension",None,"CI: Hypersensitivity to bisoprolol, severe sinus bradycardia, 2nd- or 3rd-degree AV block, overt heart failure, cardiogenic shock"
Brimonidine,"Alphagan P., Lumify","Adrenergic agonist, Antiglaucoma",ophthalmic solution,"allergic conjunctivitis, conjunctival discoloration","Syncope, arrhythmias, bradycardia","CI: Hypersensitivity to brimonidine, concurrent MAOIs, use in children <2 y of age"
Budesonide,"Pulmicort Respules, Pulmicort Flexhaler",Inhaled Corticosteroid,"inhalation suspension, MDI","Upper respiratory tract infections, otitis media","Cataracts, decreased body growth, decreased bone mineral density",CI: hypersensitivity to milk proteins (Flexhaler); primary treatment of status asthmaticus or other acute episodes of asthma
Budesonide/Formoterol,Symbicort,Inhaled Corticosteroid/Bronchodilator Combo,MDI,Upper respiratory tract infections,"Asthma-related death, bronchospasm, hypokalemia, arrhythmias","CI: Hypersensitivity to budesonide or formoterol; primary treatment of status asthmaticus or acute episodes of asthma or COPD BW: Asthma deaths; pediatrics, increased risk of hospitalization"
Buprenorphine/Naloxone,"Bunavail, Suboxone, Zubsolv",Opioid Partial Agonist and Antagonist Combo C3,"sublingual tablet, buccal","vasodilation, sweating, H/A, insomnia, constipation, GI, dizziness, opioid withdrawal","Stevens-Johnson syndrome, physical dependence, tolerance, elevated liver functions tests, seizures",None
Bupropion,"Aplenzin, Forfivo, Wellbutrin, Zyban",Monocyclic Antidepressant,"tablet (IR, ER, SR)","agitation, constipation, dizziness, H/A, insomnia, nausea, tachy, tremor, xerostomia","Cardiac dysrhythmia, mania, seizure, suicidal thoughts, wide QRS complex","BW: Suicidality; neuropsychiatric reactions, CI: Seizure disorder; history of anorexia/bulimia; use of MAOI within 14 d; patients undergoing abrupt discontinuation of ethanol, benzodiazepines, barbiturates, or antiepileptics"
Buspirone,Buspar,Antianxiety,tablet,dizziness,"Mania, psychiatric disorders",None
Canagliflozin,Invokana,SGLT2 inhibitor,tablet,"hyperkalemia, renal insufficiency, GU fungal infection, UTI","Acute renal failure, pancreatitis, photosensitivity, metabolic acidosis, risk of foot amputations","CI: limb amputations, BW: severe renal impairment"
Candesartan,Atacand,Angiotensin 2 receptor antagonist,tablet,hypotension,"Angioedema, hepatotoxicity, birth defects, hepatotoxicity","CI: Hypersensitivity to candesartan or other ARB, pregnancy BW: Pregnancy"
Carbamazepine,Tegretol,Anticonvulsant,"tablet, capsule, suspension","hyponatremia, dizziness, nausea","Cardiac dysrhythmia, hepatitis, nephrotoxicity, pancreatitis, pancytopenia, Stevens-Johnson syndrome, syncope, toxic epidermal necrolysis, suicidal thoughts and behaviors",None
"Carbidopa, Levodopa","Rytary, Duopa, Sinemet",Antiparkinsonian,"tablet, capsule, ODT, suspension",dyskinesia,"Orthostatic hypotension, neuroleptic malignant syndrome, hallucinations, sleep attacks, compulsive behaviors","CI: Hypersensitivity to carbidopa or levodopa, narrow-angle glaucoma, concurrent MAOI or linezolid"
Carisoprodol,Soma,Centrally Acting Skeletal Muscle Relaxant C4,tablet,"drowsiness, dizziness","Slowed or difficult breathing when used in combination with opioids, seizure, drug dependence, withdrawal symptoms upon discontinuation after chronic use","CI: Hypersensitivity to carisoprodol or meprobamate, acute intermittent porphyria"
Carvedilol,"Coreg, Coreg CR",Alpha/Beta-adrenergic blocker,"tablet, ER capsule","cold extremities, hypotension, dizziness, ED, fatigue, weight gain","Heart failure, hepatotoxicity, Stevens-Johnson syndrome","CI: Hypersensitivity, bronchial asthma, severe sinus bradycardia, 2nd- or 3rd-degree AV block, sick sinus syndrome, overt heart failure, cardiogenic shock, severe hepatic impairment"
Cefdinir,Omnicef,"Cephalosporin, Third Generation","capsule, suspension",diarrhea,"Increased liver enzymes, hypersensitivity",None
Cefuroxime,Ceftin,"Cephalosporin, Second Generation",tablet,diarrhea,"Stevens-Johnson syndrome, hepatotoxicity, severe hypersensitivity, anemia, neutropenia, pancytopenia, seizure",None
Celecoxib,Celebrex,Cyclooxygenase 2 Inhibitor,capsule,"hypertension, H/A, GI distress, diarrhea","Stevens-Johnson syndrome, GI ulcers and bleeding, thrombosis, elevated liver functions, acute renal failure","BW: GI toxicity, cardiotoxicity, CABG, CI: Asthma, urticaria, or allergic-type reaction following aspirin or other NSAID administration; CABG surgery, treatment of perioperative pain, hypersensitivity to sulfonamides"
Cephalexin,Keflex,"Cephalosporin, First Generation","capsule, suspension, tablet",nausea,"Stevens-Johnson syndrome, renal failure, severe hypersensitivity, anemia, neutropenia, seizure",None
Cetirizine,Zyrtec,Antihistamine,"tablet, ODT, capsule, solution",drowsiness,None,None
Chlorhexidine,"Peridex, Paroex, Hibiclens",Antibacterial Cleansing Agent,"solution, oral rinse","mouth and tongue irritation, tooth aches and discolored teeth","Allergic reactions, skin irritation",None
Chlorthalidone,"Hygroton, Thalitone",Thiazide Diuretic,tablet,"dizziness, hypotension, hyperuricemia","Heart failure, pancreatitis",CI: Hypersensitivity to chlorthalidone or sulfonamides; anuria
Ciprofloxacin Oral,"Cipro, Cipro Xr",Fluoroquinolone,"tablet, suspension, injection, ophthalmic solution, ointment","Tooth discoloration in infants, musculoskeletal signs and symptoms","Stevens-Johnson syndrome, renal failure, anemia, neutropenia, thrombocytopenia, seizure, cardiac effects, liver failure, myasthenia gravis, tendon rupture, renal failure, psychosis, QTc prolongation, peripheral neuropathy, CNS effects, severe cardiac, dermatologic, and hypersensitivity reactions","BW: May exacerbate muscle weakness in patients with myasthenia gravis, tendon inflammation and rupture, peripheral neuropathy, CNS effects, cardiac, dermatologic and hypersensitivity reactions, aortic dissection and rupture, hypoglycemia, mental health adverse effects, CI: Hypersensitivity to ciprofloxacin or other quinolones, concomitant tizanidine"
Ciprofloxacin Otic,"Cetraxal,Otiprio",Fluoroquinolone,otic suspension,application site pain and itching,None,None
Citalopram,Celexa,SSRI Antidepressant,"tablet, solution","constipation, dizziness, H/A, insomnia, N, sedation, xerostomia","Constipation, dizziness, headache, insomnia, nausea, sedation, xerostomia","CI: Hypersensitivity, concomitant use of pimozide, MAOIs BW: Suicidal ideation; not approved for use in children"
Clarithromycin,Biaxin,Macrolide Antibiotic,"tablet, suspension",taste disturbance,"QTc prolongation, Stevens-Johnson syndrome, anemia, neutropenia, thrombocytopenia, severe hypersensitivity, myasthenic crisis, elevated LFTs, hallucinations, nephrotoxicity","CI: Hypersensitivity to any macrolide or ketolide antibiotic; concomitant colchicine, cisapride, pimozide, astemizole, terfenadine, ergotamine, dihydroergotamine, or HMG-CoA reductase inhibitors metabolized by CYP3A4/5, history of cholestatic jaundice/hepatic dysfunction with use of clarithromycin, colchicine in renal or hepatic impairment"
Clindamycin Oral,Cleocin,Lincosamide Antibiotic,"capsule, injection",nausea,"QTc prolongation, Stevens-Johnson syndrome, pseudomembranous colitis, esophagitis",BW: Colitis
Clindamycin Topical,Cleocin T,Lincosamide Antibiotic,"solution, gel, foam, pad, lotion",dry skin,None,None
Clobazam,"Onfi, Sympazan",Anticonvulsant,"tablet, suspension, film","constipation, drooling, ataxia, lethargy, RI, somnolence, fever","Depression, Stevens-Johnson syndrome, suicidal attempts, toxic epidermal necrolysis, DRESS syndrome",BW: Concurrent opioid use
Clobetasol,"Impoyz, Temovate",Topical Corticosteroid,"cream, ointment, solution, foam, gel, shampoo, liquid",pruritus,"Hypothalamic axis (HPA) suppression has been reported when used with occlusive dressings, over larger surface areas",none
Clonazepam,Klonopin,Benzodiazepine,"tablet, ODT","ataxia, lethargy, somnolence, weight gain","Seizures, mania, depression, withdrawal symptoms","BW: with opioids CI: narrow-angle glaucoma, liver disease"
Clonidine,Catapres,Alpha-2 adrenergic agonist,"tablet, transdermal patch","nervous, H/A, somnolence, redness, xerostomia",AV block,"BW: for epidural, BEERS"
Clopidogrel,Plavix,Platelet Aggregation Inhibitor,tablet,H/A,"Agranulocytosis, Stevens-Johnson syndrome, GI hemorrhage, GI ulcer, pancytopenia, thrombotic thrombocytopenic purpura","BW: reduced CYP2C19 function, CI: in active bleeding"
Clotrimazole/Betamethasone,Lotrisone,Anti-infective/Anti-inflammatory Combo,"cream, lotion",dry skin,"Rash, HPA suppression has been reported in children, therefore not recommended in children <12 y of age",None
Codeine,Tylenol with Codeine,Opioid Analgesic C2,"tablet, solution, elixir","N/V, constipation, somnolence","Stevens-Johnson syndrome, GI bleeding, elevated liver functions, thrombocytopenia, physical dependence, tolerance, respiratory depression, serotonin syndrome, adrenal insufficiency, decreased sex hormones","BW: Hepatotoxicity; Children who are CYP2D6 ultrarapid metabolizers; serious risks of misuse, abuse, addiction, overdose, and death; concurrent use with benzodiazepines; immediate release only, serious risk of misuse, accidental ingestion, neonatal opioid withdrawal syndrome, CI: Hypersensitivity to codeine, use in age < 12 y of age, use in age 12-18 y postoperatively after tonsillectomy"
Colchicine,"Colcrys, Gloperba, Mitigare",Antigout,"capsule, tablet, solution",N/V/D,"Agranulocytosis, rhabdomyolysis",CI: Hypersensitivity to colchicine; concurrent use with strong CYP3A4/5 inhibitors in patients with renal or hepatic failure
Colesevelam,Welchol,"Hypolipidemic, Bile Acid Sequestrant","tablet, granules",constipation,"Pancreatitis, bowel obstruction","CI: History of bowel obstruction, hypertriglyceridemia-induced pancreatitis; serum triglyceride level >500 mg/dL"
Conjugated Estrogens,Premarin,Estrogen hormone,"tablet, injection","weight change, H/A, migraine, depression, disorder of menstruation, breast pain","Heart disease, hypertension, MI, breast cancer, diabetes mellitus, hypercalcemia, venous thromboembolism, anaphylaxis, cerebrovascular accident, cervical cancer, malignant neoplasm of endometrium of corpus uteri, ovarian cancer, PE","BW: Breast cancer, cardiovascular disease, endometrial cancer, dementia risks, CI: Hypersensitivity, undiagnosed abnormal genital bleeding, history of estrogen- or progesterone-dependent neoplasia, active or history of DVT or PE, severe liver dysfunction, known or suspected pregnancy"
Cyanocobalamin,Cobolin-M,Essential B Vitamin (B12),"tablet, ER capsule","Injection site pain, arthralgia, fatigue, dizziness, headache","Anaphylaxis, worsening of heart failure, angioedema",None
Cyclobenzaprine,Flexeril,Centrally Acting Skeletal Muscle Relaxant,"tablet, ER capsule","Xerostomia, headache, dizziness, drowsiness","Cardiac dysrhythmia, cholestasis, hepatitis, jaundice, anaphylaxis, immune hypersensitivity reaction, slowed or difficult breathing when used in combination with opioids","CI: Hypersensitivity to cyclobenzaprine, concomitant MAOI use, heart failure, acute coronary phase of AMI, heart block, hyperthyroidism"
Cyclosporine Ophthalmic,"Restasis, Cequa",Calcineurin Inhibitor,"ophthalmic solution, emulsion","burning sensation in eye, eye pain",None,"CI: Hypersensitivity to cyclosporine, active ocular infection"
Dabigatran,Pradaxa,Direct Oral Anticoagulant,capsule,"Bleeding, dyspepsia, GERD, gastritis","MI, Intracranial hemorrhage, Major Bleeding","CI: Active bleeding, prosthetic heart valve, hypersensitivity BW: Use in elderly; risk of stroke at discontinuation; spinal epidural hematoma"
Dapagliflozin,Farxiga,SGLT2 Inhibitor,tablet,UTI,"Renal failure, bone Fracture, Pancreatitis, Perianal",CI: Severe renal impairments
Darbepoetin,Aranesp,Hematopoietic (Oncology/Endocrine),"injectable solution, vial & syringe","Cough, dyspnea, edema, hypertension, diarrhea, injection site thrombosis, myalgia, fatigue","Thromboembolism, MI, seizures, tumor progression","BW: Increased risk of CV, stroke, mortality, and cancer recurrence CI: Hypertension"
Darifenacin,Enablex,Urinary Antispasmodic,"tablet, ER","Constipation, xerostomia, blurred vision",Angioedema,"CI: gastric retention, glaucoma, urinary retention"
Desvenlafaxine,"Pristiq, Khedezla",Serotonin/Norepinephrine Reuptake Inhibitor,"tablet, ER","Diaphoresis, dizziness, headache, nausea, xerostomia","GI hemorrhage, serotonin syndrome, suicidal thoughts",BW: not for use in children; not for bipolar disorder CI: MAOI use
Dexamethasone,Decadron,Adrenal Corticosteroid,"tablet, solution, elixir","hypertension, GI upset","Primary adrenocortical insufficiency, Cushing syndrome, decreased body growth, increased risk of infection",CI: concurrent use of live vaccines; fungal infections
Dexlansoprazole,Dexilant,Proton Pump Inhibitor,"capsule DR, ODT",None,"Stevens-Johnson syndrome, rhabdomyolysis, acute interstitial nephritis, C. difficile diarrhea, hypomagnesemia, MI, cutaneous and systemic lupus erythematosus",None
Dexmethylphenidate,Focalin,CNS-Stimulant,"tablet, ER capsule","Weight loss, loss of appetite, headache, insomnia, restlessness","AMI, seizures, spasmodic movement, anemia, stroke, thrombocytopenia, psychosis, mania, drug dependence, priapism","CI: glaucoma, tics, or history of Tourette syndrome"
Diazepam,Valium,Benzodiazepine,"tablet, solution, Gel, Rectal Syringe, Liquid, Nasal Spray","Drowsiness, impaired motor coordination","Seizures, mania, depression, withdrawal symptoms, elevated liver function tests","CI: narrow-angle glaucoma, severe liver disease, myasthenia gravis, sleep apnea, respiratory insufficiency, use in children <6 months of age BW: Concurrent use with opioids"
Diclofenac,"Voltaren, Cambia, Zipsor, Zorvolex",NSAID,"tablet, tablet ER, capsule, powder","Headaches, GI distress, GI ulcers","Stevens-Johnson syndrome, GI bleeding, thrombosis, elevated liver functions, acute renal failure, MI, aplastic anemia, hemolytic anemia",CI: CABG
Dicyclomine,Bentyl,Antimuscarinic,"capsule, tablet, solution.","Decreased sweating, xerostomia, GI distress, blurred vision, dizziness, constipation, drowsiness","Psychosis, euphoria, anaphylaxis, drug dependence","CI: age <6 months, breastfeeding, GI obstruction, glaucoma, myasthenia gravis, obstructive uropathy, reflux esophagitis, severe ulcerative colitis, toxic megacolon, unstable cardiovascular state in acute hemorrhage"
Digoxin,Lanoxin,Digitalis glycoside,"tablet, solution",None,"Cardiac dysrhythmias, psychosis, seizures",CI: ventricular fibrillation
Diltiazem,"Cardizem, Cartia XT, Tiazac, Taztia","Calcium Channel Blocker, Phenylthiazine","tablet, capsule, ER both","Edema, headache","Heart failure, heart block, hepatotoxicity","CI: Hypotension, 2nd or 3rd-degree AV block, Sick sinus syndrome"
Diphenoxylate/Atropine,Lomotil,Antidiarrheal,"tablet, solution","Abdominal discomfort, nausea and vomiting","Pancreatitis, toxic megacolon, anaphylaxis",CI: obstructive jaundice
Dipyridamole,Persantine,Platelet Aggregation Inhibitor,tablet,Dizziness,"Ventricular Arrhythmia, Bronchospasm",None
Divalproex,Depakote,Anticonvulsant,"tablet, tablet ER, capsule ER, solution","Abdominal pain, alopecia, asthenia, diarrhea, diplopia, dizziness, headache, nausea, somnolence, tremor, vomiting,","Hepatitis, palpitation, pancreatitis, tachycardia, thrombocytopenia, suicidal ideation or behavior","BW: Hepatotoxicity, patients with mitochondrial disease, teratogenicity, pancreatitis CI: hepatic disease, urea cycle disorders"
Donepezil,Aricept,Central Cholinesterase Inhibitor,"tablet, ODT","Asthenia,","Atrioventricular block, GI bleeding, torsades de pointes",CI: Hypersensitivity to piperidine derivatives
Doxazosin,"Cardura, Cardura XL",Alpha-1 Adrenergic Blocker,"tablet, tablet ER","Dizziness, fatigue, malaise","Hepatotoxicity, priapism",None
Doxepin,"Sinequan, Silenor",Tricyclic Antidepressant,"capsule, tablet, solution",Xerostomia,"Cardiac dysrhythmia, hepatotoxicity, suicidal thoughts","CI: MAOI use, glaucoma, severe urinary retention, BW: Suicidality"
Doxycycline,Vibramycin,Tetracycline Antibiotic,"suspension, tablet, capsule, capsule DR, oral DR, syrup","Esophageal injury, photosensitivity, skin hyperpigmentation, tooth discoloration in children <8 y of age,","Esophageal ulceration, hypersensitivity, hepatotoxicity, renal toxicity, C. difficile colitis, increased intracranial pressure, decreased growth in children",CI: Hypersensitivity to concurrent retinoic acid derivatives
Dulaglutide,Trulicity,GLP-1 Receptor Agonist,"injectable solution, syringe","Nausea, diarrhea, weight loss","Acute renal failure, angioedema, pancreatitis","BW: Risk of thyroid cancers CI: Family history of medullary thyroid carcinoma, MEN2"
Duloxetine,Cymbalta,Serotonin/Norepinephrine Reuptake Inhibitor,"capsule, tablet, solution",Xerostomia,"Cardiac dysrhythmia, hepatotoxicity, suicidal thoughts","CI: glaucoma, severe urinary retention"
Dutasteride,Avodart,5-Alpha- Reductase Inhibitor,"capsule, DR capsule","Headache, nausea","Hepatotoxicity, serotonin syndrome, suicidal thoughts","CI: Hypersensitivity to duloxetine, MAOI, TCA, linezolid use, uncontrolled glaucoma BW: Suicidality; not approved for children, pregnancy"
Edoxaban,Savaysa,Factor Xa Inhibitor,tablet,"Bleeding, elevated LFTs","Interstitial lung disease, stroke",BW: increased risk of spinal hematoma with spinal puncture or neuraxial anesthesia; reduced efficacy in nonvalvular atrial fibrillation patients with CrCl >95 mL/min
Efavirenz,Sustiva,"Antiretroviral Agent, Reverse Transcriptase Inhibitor","tablet, capsule","Anxiety, dizziness, insomnia, headaches, rash, nausea, vomiting, diarrhea, hyperlipidemia","Psychosis, seizures, hepatic failure, hypersensitivity, pancreatitis, suicidal ideation, fat redistribution, immune reconstitution syndrome","CI: concurrent use of bepridil, cisapride, elbasvir, grazoprevir, midazolam, pimozide, triazolam, St. John’s wort, or ergot alkaloids"
Eletriptan,Relpax,"Antimigraine, Serotonin Receptor Agonist",tablet,"weakness, nausea, asthenia, somnolence","Angina, cardiac dysrhythmia, coronary arteriosclerosis, heart block, hypertension, AMI, aphasia, cerebral ischemia, stroke, dystonia, hemiplegia, neuropathy, transient ischemic attack, oculogyric crisis","CI: cerebrovascular syndromes, hemiplegic or basilar migraine, ischemic bowel disease, ischemic heart disease, peripheral vascular disease, severe hepatic impairment, uncontrolled hypertension"
Emtricitabine/Tenofovir Disoproxil,Truvada,"Antiretroviral Agent, Reverse Transcriptase Inhibitor",tablet,"Hyperpigmentation, rash, hypophosphatemia, nausea, diarrhea, abdominal pain, weakness, cough, rhinitis, dizziness, headache, insomnia, fatigue, decreased bone mineral density","Lactic acidosis, HBV exacerbations, renal failure","BW: Hepatitis B exacerbation, lactic acidosis, drug resistance with preexposure prophylaxis"
Enalapril,Vasotec,ACE inhibitor,"tablet, solution","Increased SCr, Diarrhea, dizziness, dry cough, fatigue, headache, hypotension, hyperkalemia, nausea, nephrotoxicity, rash, tachycardia","Angioedema, birth defects, liver failure","BW: Pregnancy, CI: concurrent sacubitril"
Enoxaparin,Lovenox,"Anticoagulant, Low Molecular Weight Heparin","syringe, vial","anemia, hemorrhage, diarrhea, nausea, thrombocytopenia, increased LFTs, fever,","AFib, HF, eczematous drug eruption, intracranial hemorrhage","BW: Neuraxial anesthesia may cause hematomas, CI: hypersensitivity to pork products, concurrent neuraxial analgesia"
Entecavir,Baraclude,"Antiretroviral Agent, Reverse Transcriptase Inhibitor","tablet, solution","edema, elevated LFTs, nausea, vomiting, diarrhea, headaches, hematuria, hyperglycemia, hepatic encephalopathy","renal failure, hepatomegaly, thrombocytopenia",BW: HIV resistance in chronic hepatitis B patients with unrecognized or untreated HIV infection; discontinuation of therapy may result in disease exacerbation; lactic acidosis
Epinephrine Auto-Injector,"Adrenaclick, Auvi-Q, EpiPen, EpiPen Jr.",Anaphylaxis Agent,solution for autoinjector,"asthenia, dizziness","Angina, autonomic hyperreflexia, cardiac dysrhythmia, pulmonary edema, ventricular fibrillation",None
Epoetin,"Epogen, Procrit, Retacrit",Erythropoietic Stimulating Agent (Oncology),injection,"asthenia, dizziness","Pure red cell aplasia, immune hypersensitivity, seizures, tumor progression","CI: uncontrolled hypertension, BW: CV, stroke, DVT, cancer recurrence"
Escitalopram,Lexapro,SSRI Antidepressant,"tablet, solution","headache, nausea, sedation","Prolonged QTc interval, serotonin syndrome, suicidal thoughts, torsades de pointes",CI: concurrent MAOI use
Esomeprazole,Nexium,Proton Pump Inhibitor,"capsule DR, tablet DR, granules",headache,"Toxic epidermal necrolysis, pancreatitis, hepatotoxicity, bone fracture, rhabdomyolysis, acute interstitial nephritis",None
Estradiol Oral,Estrace,Estrogen,tablet,"Weight change, nausea, vomiting, disturbance in mood, swelling of breast, depression","Heart disease, MI, DM, venous thromboembolism, anaphylaxis, cerebrovascular accident, PE, breast, endometrial or ovarian cancer","BW: Endometrial and breast cancer risk, dementia risk; should not be used to reduce CV risk; secondary exposure risk (transdermal solution), CI: Hypersensitivity to estradiol; history of thromboembolic disorders, breast cancer, any estrogen-dependent neoplasm, known or suspected pregnancy"
Estradiol Transdermal Patch,"Alora, Climara, Minivelle, Menostar, Vivelle-DOT",Estrogen,patch (once or twice weekly),"Edema, application site irritation","Heart disease, MI, DM, venous thromboembolism, anaphylaxis, cerebrovascular accident, PE, breast, endometrial or ovarian cancer","BW: Endometrial and breast cancer risk, dementia risk; should not be used to reduce CV risk; secondary exposure risk (transdermal solution), CI: Hypersensitivity to estradiol; history of thromboembolic disorders, breast cancer, any estrogen-dependent neoplasm, known or suspected pregnancy"
Eszopiclone,Lunesta,Nonbarbiturate Hypnotic,tablet,"H/A, Abnormal behavior or thinking, confusion, diarrhea, dizziness, nausea, rash, somnolence, taste disorder, vomiting, xerostomia","anaphylaxis, angioedema","BW: Risk of complex sleep behaviors (sleepwalking, sleep driving, etc.)"
Etanercept,"Enbrel, Erelzi","Antirheumatic, Disease Modifying, Tumor necrosis factor blocking agent","solution, prefilled syringe, powder for solution","Headache, skin rash, infections antibody development, injection site reactions, dizziness, nausea","Serious infections, reactivation of latent infections, malignancies, heart failure","BW: infections, malignancies, CI: sepsis"
Ethinyl Estradiol and Etonogestrel Ring,NuvaRing,Contraceptive,vaginal ring,"Headache, intermenstrual bleeding, vaginitis","AMI, anaphylaxis, angioedema, thromboembolism, galactorrhea not associated with childbirth, hypersensitivity reaction, toxic shock syndrome, urticaria, thromboembolism","CI: Hypersensitivity to ethinyl estradiol or progestin component; history of thromboembolic disorders, endometrial cancer, uncontrolled hypertension, pregnancy; smoking ≥15 cigarettes per d and >35 y of age, BW: smoking risk"
Etodolac,Lodine,NSAID,"tablet IR, tablet ER, capsule IR","Edema, itching, rash, GI distress, dizziness, tinnitus, ototoxicity","Stevens-Johnson syndrome, GI bleeding, thrombosis, elevated liver functions, acute renal failure, congestive heart failure, aplastic anemia","BW: CV, GI risk CI: CABG surgery, treatment of perioperative pain"
Exenatide,"Byetta, Bydureon",GLP-1 Receptor Agonist,SQ injection IR and ER,"Hypoglycemia, diarrhea, nausea, injection site reactions","Pancreatitis, anaphylaxis, acute renal failure, worsening of preexisting renal disease",BW: Thyroid C-cell tumors (Bydureon)
Ezetimibe,Zetia,Antihyperlipidemic; Cholesterol Absorption Inhibitor,tablet,"Abdominal pain, constipation, diarrhea, headache, increased liver enzymes, myopathy, nausea","Rhabdomyolysis, cholelithiasis, hepatotoxicity, agranulocytosis, pancreatitis","CI: gallbladder disease, severe hepatic dysfunction, concurrent use with a statin in a pregnant women or nursing mother"
Famotidine,Pepcid,H2RAntagonist,"tablet, powder","Constipation, diarrhea, nausea, skin rash","Stevens-Johnson syndrome, increased liver enzymes, seizure",None
Febuxostat,Uloric,"Antigout, Xanthine Oxidase Inhibitor",tablet,"Rash, nausea, elevated LFTs, arthralgia","ECG abnormalities, hypersensitivity, stroke, mood changes, drug reaction rash with eosinophilia and systemic symptoms","BW: increased risk of cardiac death, CI: concurrent azathioprine or mercaptopurine"
Felodipine,Plendil,Calcium Channel Blocker,"tablet, ER","Headache, peripheral edema","Hepatotoxicity, thrombocytopenia",None
Fenofibrate,"Antara, Fenoglide, Lipofen, Lofibra, Tricor, Trilipix",Antihyperlipidemic,"tablet, capsule, capsule DR",Hyperhomocysteinemia,"Rhabdomyolysis, cholelithiasis, hepatotoxicity, mood disorder, impotence, agranulocytosis, nephrotoxicity, pancreatitis","CI: Hypersensitivity, gallbladder disease, severe renal or hepatic dysfunction, nursing mothers"
Fentanyl Transdermal,"Duragesic, Ionsys",Opioid Analgesic C2,patch,"Application site reactions, sweating, constipation, GI distress, confusion, headache, anxiety, urinary retention, fatigue","Stevens-Johnson syndrome, physical dependence, tolerance","BW: CYP3A4/5 inhibitors; respiratory depression; transdermal not for use postoperatively; fatalities in children; formulations not interchangeable; fever; care with disposal; REMS program; concurrent use with benzodiazepines or other CNS depressants, CI: Acute or postoperative pain, bronchial asthma, hypersensitivity to fentanyl, mild or intermittent pain management, opioid non tolerant patients, paralytic ileus"
Fexofenadine,Allegra,Antihistamine,"tablet, ODT, suspension","Headache, sedation, dry mouth, fatigue, nausea","Hypersensitivity, insomnia",none
Fidaxomicin,Dificid,Macrolide Antibiotic,tablet,"nausea, abdominal pain, vomiting, anemia, neutropenia","Bowel obstruction, GI hemorrhage",None
Finasteride,"Proscar, Propecia",5-Alpha- Reductase Inhibitor,tablet,"impotence, reduced libido, gynecomastia","Heart failure, angioedema, allergic skin reactions, male breast cancer, prostate cancer (high grade)","CI: pregnancy, children"
Fluconazole,Diflucan,Imidazole AF,"suspension, tablet","Headache, nausea, abdominal pain","Stevens-Johnson syndrome (SJS), arrhythmias (prolonged QTc interval), adrenal suppression, agranulocytosis, seizures, elevated LFTs, hypokalemia","CI: concurrent ergot alkaloids, CYP3A4/5 substrates that prolong QTc"
Fluocinonide Topical,Lidex,Topical Corticosteroid,"cream, ointment, solution, gel",None,HPA suppression has been reported when used with occlusive dressings over larger surface areas,None
Fluoxetine,"Prozac, Sarafem",SSRI Antidepressant,"capsule, capsule DR, tablet, solution","Diarrhea, headache, insomnia, nausea, somnolence, tremor, xerostomia","Prolonged QTc interval, serotonin syndrome, suicidal thoughts, torsade de pointes, SIADH","CI: Hypersensitivity; concomitant pimozide, thioridazine, or MAOIs BW: Suicidality; approved in children (>7 y of age, OCD; >8 y of age, MDD)"
Fluticasone Nasal,"Flonase, Xhance",Intranasal Adrenal Glucocorticoid,"spray, suspension","Headache, nasal irritation and burning, epistaxis","glaucoma, pneumonia, secondary hypercortisolism, osteoporosis",None
Fluticasone Oral Inhaler,"Arnuity Ellipta, Flovent HFA, Flovent Diskus",Inhaled Adrenal Corticosteroid,MDI,"Pharyngeal candidiasis, epistaxis","glaucoma, cataracts, pneumonia, secondary hypocortisolism, osteoporosis",CI: Hypersensitivity or severe allergy to milk proteins (included in the inhalation powder); should not be used for primary treatment of status asthmaticus or other acute episodes of asthma requiring intensive intervention
Fluticasone/Salmeterol,"Advair Diskus, Advair HFA","Inhaled Corticosteroid, Long acting Beta2-adrenergic agonist",MDI,"Headache, pharyngitis, upper respiratory infection, difficulty speaking","Atrial fibrillation, myocardial infarction, anaphylaxis, osteoporosis, bronchospasm, exacerbation of asthma, paradoxical bronchospasm","BW: increased asthma deaths, CI: Hypersensitivity to any component of the product, including milk proteins (included in the inhalation powder); should not be used as primary treatment of status asthmaticus or acute episodes of asthma or COPD, posaconazole coadministration"
Folic Acid,FA-8,Essential B Vitamin,"tablet, capsule","loss of appetite, confusion, irritation",anaphylaxis,None
Fosinopril,monopril,ACE inhibitor,tablet,"dizziness, Diarrhea, dry cough, headache, hypotension, hyperkalemia, nausea, nephrotoxicity, rash, tachycardia, vomiting","birth defects, liver failure","BW: pregnancy, CI: Hypersensitivity, history of ACEI-induced angioedema, and hereditary or idiopathic angioedema, concomitant use with aliskiren in patients with diabetes"
Furosemide,Lasix,Loop Diuretic,"tablet, solution","hyperuricemia, Constipation, headache, hyperglycemia, hypocalcemia, hypokalemia, hypomagnesemia, muscle spasm, orthostatic hypotension, rash, vomiting","Nephrotoxicity, ototoxicity, thrombocytopenia, tinnitus",BW: fluid and electrolyte loss
Gabapentin,"Neurontin, Gralise","Gamma Aminobutyric Acid, Anticonvulsant","capsule, tablet, solution, tablet ER","Dizziness, somnolence","Stevens-Johnson syndrome (SJS), Suicidal thoughts",None
Gatifloxacin Ophthalmic,Zymaxid,Fluoroquinolone,ophthalmic solution,"Conjunctivitis, dry eyes, eye pain, subconjunctival hemorrhage, tearing and burning of the eyes, decreased visual acuity",Conjunctival hemorrhage,None
Gemfibrozil,Lopid,Antihyperlipidemic,tablet,indigestion,"Rhabdomyolysis, cholelithiasis, hepatotoxicity, mood disorder, impotence, agranulocytosis","CI: concurrent repaglinide or simvastatin, gallbladder disease, severe renal or hepatic dysfunction"
Glimepiride,Amaryl,"Second-generation Sulfonylurea, Antidiabetic",tablet,"Hypoglycemia, nausea, headache, dizziness, asthenia","Cutaneous hypersensitivity, hemolytic anemia, hepatotoxicity, disulfiram reaction",CI: diabetic ketoacidosis
Glipizide,Glucotrol,Second-generation Sulfonylurea,"tablet, tablet ER",asthenia,"Cutaneous hypersensitivity, hemolytic anemia, hepatotoxicity, disulfiram reaction","CI: diabetic ketoacidosis, type 1 diabetes"
Guanfacine,Intuniv,Alpha-2 adrenergic agonist,"tablet, tablet ER","Drowsiness, headache, dizziness, insomnia, anorexia","Seizure, chest pain, rebound hypertension",None
Haemophilus Influenzae,"Hiberix, PedvaxHIB, ActHiB","Vaccine, Inactivated, Bacterial",suspension for injection,"injection site reactions, including erythema and soreness, headache, irritability, somnolence","Thrombocytopenia, anaphylaxis, Guillain-Barré syndrome",None
Hydrochlorothiazide,Various,Thiazide Diuretic,"capsule, tablet","dizziness, headache","Rash, Cardiac arrhythmias, hepatitis, pancreatitis, Stevens-Johnson syndrome","CI: concomitant dofetilide therapy, or anuric patients"
Hepatitis A Vaccine,"Havrix, Vaqta","Vaccine, Inactivated, Viral",IM suspension,"Injection site reactions, including erythema, swelling and soreness, headache, irritability, somnolence","Thrombocytopenia, anaphylaxis, Guillain-Barré syndrome",CI: neomycin hypersensitivity
Hepatitis B Vaccine,"Engerix-B, Recombivax HB","Vaccine, Inactivated, Viral",IM suspension,"Injection site reactions, including erythema and soreness","Anaphylaxis, pancytopenia",CI: some formulations have yeast
Human Papillomavirus Vaccine,Gardasil 9,"Vaccine, Inactivated, Viral",IM suspension,"Injection site reactions, including erythema, swelling, and soreness, arthralgia, myalgia, headache, fever","Anaphylaxis, Guillain-Barré syndrome",CI: some formulations have yeast or polysorbate 80
Hydralazine,Apresoline,Peripheral Vasodilator,tablet,"Anorexia, chest pain, diarrhea, dizziness, headache, hypotension, nasal congestion, palpitations, reflex tachycardia, vomiting","Agranulocytosis, hepatotoxicity, leukopenia, systemic lupus erythematosus",CI: dissecting aortic aneurysm; coronary artery disease; mitral valve rheumatic heart disease
Hydrocodone,"Norco, Lorcet, Vicodin, Zohydro ER, Hysingla ER",Opioid Analgesic C2,"tablet, elixir, tablet ER, capsule ER","Constipation, GI distress, somnolence","Stevens-Johnson syndrome, physical dependence, tolerance, respiratory depression, serotonin syndrome, adrenal insufficiency, decreased sex hormones","BW: REMS, respiratory depression, accidental ingestion, neonatal opioid withdrawal, alcohol, CYP3A4/5 interactions, hepatotoxicity, concurrent use with benzodiazepines, CI: paralytic ileus, respiratory depression, severe asthma"
Hydrocortisone Topical,"Cortisone, Westcort",Topical Corticosteroid,"rectal cream, enema, foam, topical cream lotion or ointment","Dry skin, burning sensation, stinging, pruritus at site of administration; headache",do not use occlusive dressing,None
Hydroxychloroquine,Plaquenil,Aminoquinoline,tablet,"Abdominal pain, constipation, diarrhea, headache, nausea, dizziness, visual disturbances, hyperpigmentation","Arrhythmias, cardiomyopathy, Stevens-Johnson syndrome, agranulocytosis, seizures, retinopathy, psychosis",CI: long-term use in children
Hydroxyzine,"Atarax, Vistaril",Antihistamine,"tablet, capsule, syrup, solution","Sedation, headache, dry mouth, fatigue",None,CI: hypersensitivity to cetirizine
Ibandronate,Boniva,Bisphosphonate,tablet,"Indigestion, backache, RTI's","Osteonecrosis of the jaw, esophageal cancer, esophageal ulcers, immune hypersensitivity, arrhythmia, bone fractures, severe muscle pain","CI: Esophageal abnormalities, which display esophageal emptying, hypocalcemia, inability to sit or stand upright for 60 minutes"
Ibuprofen,Motrin,NSAID,"tablet, suspension, capsule, chewable tablet",None,"Stevens-Johnson syndrome (SJS), GI bleeding, thrombosis, elevated LFT's, acute renal failure, congestive heart failure, aplastic anemia","CI: concurrent use with ketorolac or pentoxifylline, asthma, urticaria, CABG surgery, preoperative pain treatment, allergic type reaction following aspirin or other NSAID administration. BW: Cardiovascular events, GI toxicity, CABG"
Imiquimod,Zyclara,Immune Response Modifier (Anti-infective),topical cream,"Local itching, burning, pain, erythema, xeroderma",Exfoliative dermatitis,None
Indomethacin,"Indocin, Tivorbex",NSAID,"capsule IR, capsule ER, suspension, Rectal Suppository",Headache,"Stevens-Johnson syndrome (SJS). GI bleeding, thrombosis, elevated LFT's, acute renal failure, heart failure, aplastic anemia","CI: concurrent use with ketorolac or pentoxifylline, asthma, urticaria, CABG surgery, preoperative pain treatment, allergic type reaction following aspirin or other NSAID administration. BW: Cardiovascular events, GI toxicity, CABG"
Influenza Virus Vaccine,"Afluria, Fluad, Flublok, Fluzone, FluLaval, Fluarix","Vaccine, Inactivated, Viral","IM injection, ID injection","Injection site reactions, including erythema, swelling, and soreness, itching, fatigue, headache, nasal congestion","Anaphylaxis, Guillain-Barre syndrome, febrile seizures","CI: Hypersensitivity to influenza vaccine, egg protein or a component of the vaccine; some formulations may contain: gentamicin, kanamycin, neomycin, polymyxin, polysorbate 80, thimerosal; asthma, chronic medical conditions, immunosuppression"
Insulin,Humulin,Insulin,"injection solution, pen & refills, powder for inhalation","Injection site reactions, weight gain","severe hypersensitivity, insulin resistance, severe hypoglycemia",BW: Risk of acute bronchospasm with inhaled formulation
Ipratropium/Albuterol,Combivent Respimat,Anticholinergic/Selective Beta2 agonist combo,"inhalation solution, spray for inhalation","Bronchitis, Upper RTI","Angle closure glaucoma, pneumonia, paradoxical bronchospasm","CI: Hypersensitivity to atropine or its derivatives, soya lecithin or related food products"
Irbesartan,Avapro,Angiotensin 2 Receptor Antagonist,tablet,Hyperkalemia,"Angioedema, birth defects, hepatotoxicity, rhabdomyolysis","CI: Concurrent use with aliskiren in diabetics, pregnancy BW:"
Isosorbide mononitrate,Imdur,"Long acting nitrate, Anti-anginal","tablet ER, tablet IR","Dizziness, headache","Severe hypotension, syncope","CI: Hypersensitivity to nitrates, concurrent use with PDEI's, concurrent use with riociguat"
Ketoconazole Topical,Nizoral,Imidazole AF,"cream, foam, shampoo",Application site reaction with foam,"Rash, hair loss",None
Labetalol,Normodyne,Alpha/Beta Adrenergic Blocker,tablet,"Dizziness, fatigue, nausea","Hepatotoxicity, bronchospasm","CI: Hypersensitivity; bronchial asthma or related bronchospastic condition; severe sinus bradycardia, 2nd- or 3rd-degree AV block; overt heart failure; cardiogenic shock, conditions associated with severe and prolonged hypotension"
Lacosamide,Vimpat,Anticonvulsant,"tablet, solution","Dizziness, fatigue, ataxia, nausea, tremor, diplopia","Acute psychosis, bradycardia, hepatotoxicity, agranulocytosis, suicidality",None
Lamotrigine,Lamictal,"Anticonvulsant, Phenyltriazine","chewable tablet, tablet, ER tablet, ODT","Rash, ataxia, somnolence, headache, diplopia, rhinitis, nausea, vomiting, insomnia","SJS, anemia, leukopenia, disseminated intravascular coagulation, thrombocytopenia, liver failure, aseptic meningitis, suicidal thoughts",BW: serious skin reactions
Lansoprazole,Prevacid,Proton Pump Inhibitor,"capsule DR, ODT",None,"SJS, rhabdomyolysis, acute interstitial nephritis, C. diff., Hypomagnesemia",None
Latanoprost,Xalatan,"Prostaglandin, Antiglaucoma",,"Blurred vision, itching, sensation of foreign body in eye, hyperpigmentation of eyelid, iris pigmentation","Macular retinal edema, diplopia, keratitis",None
Levalbuterol,Xopenex HFA,Selective Beta-2 agonist bronchodilator,"metered dose inhaler, nebulization solution","Vomiting, headache","Paradoxical bronchospasm, anaphylaxis, cardiac dysrhythmias",None
Levetiracetam,"Keppra, Keppra XR",Anticonvulsant,"tablet, tablet ER, solution","Asthenia, fatigue, headache, somnolence, vomiting, increased BP,","Pancytopenia, hepatotoxicity, suicidal thoughts, suicide, Stevens-Johnson syndrome",None
Levocetirizine,Xyzal,Antihistamine,"solution, tablet",Diarrhea in children,"Agitation, seizures","CI: patients with CrCl <10mL/min, children <12 y with any renal impairment, any patient on hemodialysis"
Levofloxacin,Levaquin,Fluoroquinolone Antibiotic,"solution, tablet",Photosensitivity,"SJS, Renal Failure, severe hypersensitivity, anemia, neutropenia, thrombocytopenia, seizure, cardiac arrest, cardiac arrhythmias, liver failure, tendon rupture, psychosis, glucose abnormalities, C. difficile colitis, peripheral neuropathy, CNS effects, severe cardiac, dermatologic and hypersensitivity reactions","CI: Concomitant tizanidine administration BW: Myasthenia gravis, tendon inflammation and rupture, peripheral neuropathy, CNS effects, cardiac, dermatologic and hypersensitivity reactions, aortic dissections and ruptures"
Levothyroxine,Synthroid,Thyroid Supplement,"tablet, capsule",None,"Aggravation of preexisting cardiovascular disease, hyperthyroidism","CI: nontoxic diffuse goiter or nodular thyroid disease, thyrotoxicosis, AMI, treatment of obesity or weight loss, uncorrected adrenal insufficiency; may precipitate acute adrenal crisis BW: Not for weight reduction"
Lidocaine Topical Patch,Lidoderm,Local Anesthetic,patch,"Skin irritation, somnolence","Cardiac arrest, cardiac dysrhythmia, seizure, methemoglobinemia",CI: hypersensitivity
Linagliptin,Tradjenta,DPP 4 Inhibitor,"solution, pen injector","Nausea, diarrhea, vomiting, hypoglycemia","Acute renal failure, thyroid carcinoma, exacerbation of chronic renal failure, pancreatitis, hypersensitivity (angioedema, anaphylaxis)","multiple endocrine neoplasia syndrome type 2, history or family history of medullary thyroid carcinoma"
Liraglutide,"Victoza, Saxenda",GLP 1 Receptor Agonist,pen injector,"N/V, diarrhea, hypoglycemia,","Acute renal failure, thyroid carcinoma, exacerbation of chronic renal failure, pancreatitis,","Ci: Multiple endocrine neoplasia syndrome type 2, history/ family history of medullary thyroid carcinoma BW: Increased risk of thyroid cancer"
Lisdexamfetamine,Vyvanse,"CNS Stimulant, Amphetamine","capsule, chewable tablet","Insomnia, irritability, loss of appetite, upper abdominal pain, xerostomia","Chest pain, new/worsening existing psychotic disorders, AMI, stroke, sudden cardiac death, tachycardia, anaphylaxis, peripheral vasculopathy, serotonin syndrome",CI: Hypersensitivity/idiosyncrasy to sympathomimetic amines; MAOIs; symptomatic cardiovascular disease or advanced arteriosclerosis; moderate-severe hypertension; hyperthyroidism; glaucoma; agitated states; history of drug dependence BW: Risk of abuse/diversion
Lisinopril,"Prinivil, Zestril",ACE Inhibitor,"tablet, solution","Diarrhea, dizziness, dry cough, headache, hypotension, hyperkalemia, nausea, nephrotoxicity, rash, tachycardia, vomiting","Angioedema, birth defects, liver failure","CI: history of ACEI-induced angioedema, and hereditary or idiopathic angioedema, concurrent use with aliskiren in diabetic patients, concurrent use with sacubitril BW: pregnant"
Lithium,"Eskalith, Eskalith-CR, Lithobid",Antimanic,"capsule, tablet, tablet ER, solution","Cardiac dysrhythmias, fine tremor, hypothyroidism, leukocytosis, thrombocytosis, xerostomia","Hypotension, nephrotoxicity, seizure, hypercalcemia, hyperparathyroidism","CI: severe debilitation, dehydration, or sodium depletion, CV disease, significant renal impairment, concomitant diuretic therapy BW: lithium levels required"
Lorazepam,Ativan,Benzodiazepine (Short or intermediate),"tablet, solution","Drowsiness, impaired motor coordination, retrograde amnesia","seizures, mania, depression, withdrawal symptoms",CI: narrow angle glaucoma BW: Concurrent use with opioids
Losartan,Cozaar,Angiotensin 2 receptor antagonist,tablet,Headache,"angioedema, birth defects, hepatotoxicity, rhabdomyolysis",CI: pregnancy BW: Pregnancy
Loteprednol,Alrex/Lotemax,Ophthalmic Corticosteroid,"ointment, gel, suspension","Headache, burning on instillation, discharge, dry eyes, itching, photophobia, abnormal vision/blurring","Cataract formation, changes in visual acuity, optic nerve damage, secondary eye infection",CI: Active eye infection
Lovastatin,Altoprev,HMG-CoA Reductase Inhibitor,"tablet, tablet ER","Abdominal pain, constipation, diarrhea, headache, increased liver enzymes, myalgia, nausea, rash, hyperglycemia","Rhabdomyolysis, hepatotoxicity, increased risk of diabetes","CI: active liver disease, use in breastfeeding, concomitant use with strong CYP3A4/5 inhibitors, and unexplained persistent elevation of liver enzymes"
Lubiprostone,Amitiza,Chloride Channel Activator,capsule,"Headache, nausea, diarrhea","Hypotension, Syncope","CI: Hypersensitivity, bowel obstruction"
Lurasidone,Latuda,"Antipsychotic, Second Generation",tablet,"Nausea, headache","Abnormal dreams, bradycardia, neuroleptic malignancy syndrome, pancytopenia, seizures, suicidal thoughts, stroke, tardive dyskinesia","CI: Concurrent strong CYP3A4/5 inducers & inhibitors BW: Dementia (Increased mortality), suicidality"
Maraviroc,Selzentry,"Antiretroviral Agent, CCR5 Antagonist","tablet, solution","Cough, rash, URI, vomiting, fever","Coronary artery disease, angina, jaundice, hepatic failure, seizures","CI: Patients with CrCl <30 mL/min or ESRD who are taking potent CYP3A4/5 inhibitors or inducers BW: hepatotoxicity, severe rash, allergic reaction"
"Measles, Mumps, Rubella Vaccine",M-M-R II,"Vaccine, Live, Viral",lyophilized powder for SQ injection,"Fever, arthralgia(adult females)","Thrombocytopenia, anaphylaxis, Guillain-Barre syndrome, febrile seizure","CI: Hypersensitivity to MMR vaccine or a component of the vaccine (egg, gelatin, neomycin); immunosuppression; pregnancy"
Meclizine,"Antivert, Bonine, Dramamine","Antihistamine, Antiemetic","tablet, chewable tablet",Sedation,Anaphylaxis,None
Medroxyprogesterone,"Provera, Depo-Provera",Progestin Hormone,tablet,"Weight gain, headache, amenorrhea, breast tenderness, nervousness","DVT, thrombophlebitis, osteoporosis, pulmonary embolism","CI: abnormal genital bleeding, history of estrogen- or progesterone-dependent neoplasia, active or history of DVT or PE, severe liver dysfunction, known or suspected pregnancy BW: Cardiovascular, dementia risk, loss of BMD, Breast cancer"
Meloxicam,Mobic,NSAID,"tablet, capsule, suspension",GI distress,"SJS, GI bleeding, elevated LFT, acute renal failure, congestive heart failure, aplastic anemia","CI: concurrent ketorolac, pentoxifylline use, asthma, allergic-type reaction following other NSAID use, CABG BW: Cardiovascular thrombotic events, serious GI bleeding and perforation, CABG"
Memantine,Namenda,N-Methyl-D-Aspartate (NMDA) Receptor Antagonist,"solution, tablet, capsule ER","hypertension, hypotension, syncope, vomiting, dizziness, headache, cough, pain, constipation","Stevens-Johnson syndrome, DVT, hepatitis, liver failure, cerebrovascular accident, grand mal seizure, transient ischemic attack, acute renal failure",None
Meningococcal Vaccine,"Menactra, Menveo, Trumenba, Bexsero","Vaccine, Inactivated, Bacterial",solution for IM injection,"injection site reactions, including erythema, swelling, and soreness","Febrile seizure, anaphylaxis, Guillain-Barré syndrome",CI: hypersensitivity to components of vaccine
Metaxalone,Skelaxin,Centrally Acting Skeletal Muscle Relaxant,tablet,Dizziness,"Hemolytic anemia, leukopenia, jaundice, immune hypersensitivity reaction, maculopapular rash, slowed or difficult breathing when used in combination with opioids",CI: significantly impaired renal function
Metformin,Glucophage,"Biguanide, Hypoglycemic","tablet, tablet ER, solution","Diarrhea, malabsorption, nausea, asthenia, vomiting, flatulence","Lactic acidosis, hepatotoxicity, hemolytic anemia, hypersensitivity","CI: eGFR <30 mL/min/1.73 m2, metabolic acidosis BW: Lactic acidosis"
Methadone,Dolophine,Opioid Analgesic,"tablet, solution tablet, solution","Constipation, GI distress, hypotension, dizziness, sedation","arrhythmias, Stevens-Johnson syndrome, QTc prolongation, serotonin syndrome, adrenal insufficiency, hypogonadism","CI: Bronchial asthma, hypersensitivity to opioids, paralytic ileus, respiratory depression, hypercarbia BW: Accidental ingestion; addiction, abuse, and misuse; QTc prolongation; respiratory depression; concurrent use with benzodiazepines; REMS; neonatal opioid withdrawal; conditions for use in opioid addiction; CYP interactions"
Methocarbamol,Robaxin,Centrally Acting Skeletal Muscle Relaxant,tablet,Somnolence,"Bradyarrhythmia, hypotension, syncope, leukopenia, anaphylactoid reaction, slowed or difficult breathing when used in combination with opioids",None
Methotrexate,Trexall,Antimetabolite,"tablet, solution","Myelosuppression, nausea, vomiting, alopecia, stomatitis, photosensitivity, rash","Acute renal failure, liver failure, interstitial lung disease, Stevens-Johnson syndrome, secondary malignancies (lymphomas), opportunistic infections","CI: pregnancy, nursing, preexisting blood dyscrasias in patients treated for psoriasis and rheumatoid arthritis BW: Bone marrow suppression, renal impairment, hepatotoxicity, pneumonitis, GI toxicity, secondary malignancy, tumor lysis syndrome, dermatologic toxicity, opportunistic infections, radiotherapy, hypersensitivity, pregnancy"
Methylphenidate,"Ritalin, Concerta",CNS Stimulant C2,"tablet, Chewable tablet, Chewable tablet ER, tablet ER, ODT ER, tablet 24ER, solution, suspension, Patch, Transdermal patch","Weight loss, loss of appetite, headache, insomnia, irritability","Seizures, spasmodic movement, anemia, thrombocytopenia, psychosis, mania, drug dependence, suicidal thoughts, priapism, peripheral vasculopathy","CI: Hypersensitivity to amphetamines, anxiety, agitation, concurrent MAOIs, drug dependence, glaucoma, tics or history of Tourette syndrome, hypertension, angina, heart failure, concurrent halogenated anesthetics BW: Abuse & Dependence Potential"
Methylprednisolone,Medrol,Adrenal Corticosteroid,tablet,"GI upset, hyperglycemia",", Primary adrenocortical insufficiency, Cushing syndrome, decreased growth in children, increased risk of infection","CI: Hypersensitivity to methylprednisolone or other glucocorticosteroids, administration of live vaccines, fungal infections"
Metoclopramide,Reglan,"Dopamine antagonist, GI agent","tablet, solution, dispersible tablet","Asthenia, Somnolence","Malignant hypertension, arrhythmias, galactorrhea, amenorrhea, gynecomastia, impotence secondary to hyperprolactinemia, agranulocytosis, dystonia, extrapyramidal reactions, tardive dyskinesia, hallucinations","CI: GI hemorrhage, mechanical obstruction or perforation, pheochromocytoma, concomitant use with drugs likely to cause extrapyramidal reactions, epilepsy BW: Tardive dyskinesia"
Metoprolol,"Lopressor, Toprol XL","Beta Adrenergic Blocker, Selective","tablet, tablet ER, capsule ER 24","Dizziness, Fatigue, hypotension",Heart Failure,"CI: Severe bradycardia, 2nd- or 3rd-degree AV block, sick sinus syndrome; decompensated heart failure; cardiogenic shock BW: Ischemic heart disease with abrupt withdrawal"
Metronidazole,Flagyl,"Nitroimidazole antibiotic, Antiprotozoal","capsule, tablet","Headache, nausea","seizures, ototoxicity, clinically insignificant dark urine, Stevens-Johnson syndrome, neutropenia/thrombocytopenia",CI: 1st trimester of pregnancy BW: Carcinogenic
Minocycline,Minocin,Tetracycline Antibiotic,"tablet, tablet ER, capsule, capsule ER 24","Dizziness and vertigo, tooth discoloration in children <8 y of age, headache","hepatotoxicity, renal toxicity, C. difficile colitis, increased intracranial pressure, decreased growth in children, tissue hyperpigmentation",None
Mirtazapine,Remeron,"Alpha-2 adrenergic antagonist, Antidepressant","tablet, ODT","Constipation, increased appetite, somnolence, xerostomia, increased serum cholesterol, weight gain","Neutropenia, suicidal thoughts, QTc prolongation, torsades de pointes","CI: concurrent use or use within 14 d of MAOI, linezolid, IV methylene blue use BW: Suicidality, not for use in children"
Modafinil,Provigil,CNS Stimulant C4,tablet,"Anxiety, headache, insomnia, nausea","SJS, cardiac dysrhythmia",None
Mometasone Nasal,Nasonex,Intranasal Corticosteroid,nasal spray,"headache, pharyngitis, viral infection, nasal irritation & burning","glaucoma, pneumonia, secondary hypocortisolism, osteoporosis",None
"Mono, Bi, Tri",Various,Oral Contraceptive,tablet,"Weight change, breast tenderness, breast swelling","Arterial thromboembolism, AMI, thromboembolitis, cerebral hemorrhage, cerebral thrombosis, PE, hypertension","CI: Hypersensitivity to ethinyl estradiol or progestin component, history or risk of thromboembolic disorders, breast or endometrial cancer, uncontrolled hypertension, hepatic disease, known or suspected pregnancy, thrombogenic cardiac value or rhythm disease, smoking or migraine headache if >35 y of age BW: Cigarette smoking, over 35"
Montelukast,Singulair,Leukotriene Receptor Antagonist,"tablet, oral granules, chewable tablet",None,"Allergic granulomatous angiitis, cholestatic hepatitis, aggressive behavior, altered behavior, suicidal thoughts",BW: behavior and mood related effects
Morphine,"MS Contin, Avinza, Kadian",Opioid Analgesic C2,"tablet, tablet ER, tablet ER (Abuse Deterrent), capsule ER24, solution, Suppository","Constipation, nausea, vomiting, hypotension, dizziness, sedation, diaphoresis, headaches, depression, xerostomia","Cardiac arrest, physical dependence, respiratory depression, serotonin syndrome, adrenal insufficiency, decreased sex hormones","CI: acute or severe asthma, paralytic ileus, respiratory depression, GI obstruction; concurrent use or use within 14 days of MAOI BW: Ethanol; addiction, abuse and misuse, REMS, respiratory depression, neonatal opioid withdrawal, accidental ingestion, concurrent use with benzodiazepines, medication errors"
Moxifloxacin,Avelox,Fluoroquinolone Antibiotic,tablet,None,"Stevens-Johnson syndrome, renal failure, severe hypersensitivity, anemia, neutropenia, thrombocytopenia, seizure, cardiac arrhythmias, liver failure, tendon rupture, psychosis, exacerbation of myasthenia gravis, peripheral neuropathy, CNS effects, severe cardiac, dermatologic and hypersensitivity reactions","BW: Myasthenia gravis, tendon inflammation and rupture peripheral neuropathy, aortic dissections, hypoglycemia, delirium"
Moxifloxacin Ophthalmic,"Vigamox, Moxeza","Fluoroquinolone, Ophthalmic",ophthalmic solution,None,Fungal or bacterial ocular superinfection,None
Mupirocin,Bactroban,"Antibacterial, Topical","topical ointment, topical cream, nasal ointment","Headache, pruritus, burning at site of application, stinging sensation, rhinitis",C. Diff diarrhea,none
Nabumetone,Relafen,NSAID,tablet,"Elevated LFT's, dyspepsia, abdominal pain, diarrhea","SJS, GI bleeding, thrombosis, acute renal failure, congestive heart failure, aplastic anemia","CI: Hypersensitivity to nabumetone, other NSAIDs, aspirin or sulfonamides; concurrent ketorolac, pentoxifylline use; asthma, CABG surgery BW: Thrombotic events, GI bleeding"
Naproxen,Naprosyn,NSAID,"tablet, tablet DR, tablet ER, capsule, suspension","Stevens-Johnson syndrome, GI bleeding, thrombosis, elevated LFTs, acute renal failure, congestive heart failure, aplastic anemia",None,"CI: Hypersensitivity to naproxen, other NSAIDs, aspirin or sulfonamides; asthma or allergic-type reaction following aspirin or other NSAID administration, CABG surgery, treatment of perioperative pain BW: Cardiovascular & GI risk, thrombotic events"
Nebivolol,Bystolic,"Beta Adrenergic Blocker, B1 Selective",tablet,None,"Heart block, withdrawal symptoms (angina, MI, Ventricular arrhythmias","CI: severe bradycardia, 2nd- or 3rd-degree AV block, sick sinus syndrome; decompensated heart failure, cardiogenic shock; severe hepatic impairment"
Niacin,"Niaspan, Slo-niacin",Antihyperlipidemic,"capsule, tablet ER, tablet","Flushing, headache","Hypophosphatemia, hepatotoxicity, rhabdomyolysis","CI: Active liver disease, PUD, arterial hemorrhage"
Nifedipine,"Adalat CC, Procardia XL",Dihydropyridine Calcium Channel Blocker,"tablet ER, capsule","Flushing, headache, dizziness, weakness, nausea, dyspepsia","Aplastic anemia, thrombocytopenia, angina, AMI","CI: cardiogenic shock, STEMI, concomitant use of CYP3A4/5 inducers"
Nitazoxanide,Alinia,Antiprotozoal,"tablet, suspension.",None,Elevated LFT's,None
Nitrofurantoin,"Macrodantin, Macrobid",Nitrofuran Antibiotic,"capsule, suspension",Discoloration of urine,"hepatic failure, hemolytic anemia, interstitial lung disease","CI: use in neonates or pregnant patients at term (38-42 week) due to risk of hemolytic anemia, anuria or oliguria"
Nitroglycerin,"Minitran, Nitro-Dur, Nitrostat","Antianginal, Nitrate","capsule ER, Sublingual tablet, sublingual packet, sublingual solution, Transublingualingual aeresolution solution, transdermal patch, transdermal ointment, Rectal ointment.",Headache,"Increased intracranial pressure, severe hypotension, syncope, methemoglobinemia","CI: concurrent use with PDEIs, symptomatic hypotension, marked bradycardia or tachycardia, severe anemia or increased intracranial pressure"
Nortriptyline,Pamelor,Tricyclic Antidepressant,"capsule, solution",Constipation,"Cardiac dysrhythmia, heart block, hepatotoxicity, seizures, suicidal thoughts","CI: MAOI concurrent use or use within 14 d; use during acute recovery period after MI, patient using linezolid or IV methylene blue BW: Suicidality"
Nystatin systemic,Bio-Statin,Polyene AF,"suspension, tablet, capsule",None,Rash,None
Nystatin Topical,"Mycostatin, Nyamyc, Nystop",Polyene AF,"topical cream, ointment, powder",None,"Rash, Hypersensitivity syndrome, SJS",None
Olanzapine,Zyprexa,"Thienobenzodiazepine, Atypical Antipsychotic","tablet, ODT","Akathisia, asthenia, dizziness, hypercholesterolemia, hyperglycemia, increased appetite, increased prolactin levels, increased triglycerides, somnolence, tremor, weight gain, xerostomia, orthostatic hypotension, increased LFTs","Neuroleptic malignant syndrome, pancreatitis, sudden cardiac death, suicidal thoughts, tardive dyskinesia, DRESS, slowed or difficult breathing when used in combination with opioids",BW: Mortality in elderly patients with dementia-related psychosis; DRESS
Olmesartan,Benicar,Angiotensin 2 Receptor Antagonist,tablet,"Back pain, dizziness, headache, hyperkalemia, hypotension","Angioedema, Birth defects, Hepatotoxicity, Rhabdomyolysis, Acute renal failure","CI: pregnancy, concurrent use with aliskiren in patients with DM BW: Pregnancy"
Olopatadine,"Patanol, Pataday","Antihistamine, Ophthalmic",solution,None,Hypersensitivity,None
Omega-3-Acid Ethyl Esters,Lovaza,"Antihyperlipidemic, Omega-3 Fatty Acids","capsule liquid filled, capsule DR, tablet chew",Diarrhea,"Anaphylaxis, elevated LFT's","CI: Hypersensitivity to omega-3-ethyl acid esters, shellfish, or fish"
Omeprazole,Prilosec,Proton Pump Inhibitor,"capsule DR, tablet DR, oral packet","Abdominal pain, diarrhea, headache","Toxic epidermal necrolysis, C. difficile diarrhea, pancreatitis, hepatotoxicity, hip fracture, rhabdomyolysis, acute interstitial nephritis",CI: hypersensitivity to omeprazole or esomeprazole
Ondansetron,Zofran,Antiemetic,"tablet, ODT, solution","Constipation, diarrhea, headache","Arrhythmias, anaphylaxis, serotonin syndrome","CI: Hypersensitivity to ondansetron, concomitant apomorphine or drugs that increase QTc interval"
Oseltamivir,Tamiflu,"Neuraminidase Inhibitor, Antiviral","capsule, suspension","N/V, headache","Arrhythmias, anaphylaxis, SJS, seizures, delirium",None
Oxcarbazepine,Trileptal,"Dibenzazepine Carboxamide, Anticonvulsant","tablet, tablet ER, suspension","Somnolence, dizziness, headache, diplopia","Anaphylaxis, angioedema, SJS, suicidal thoughts, pancytopenia",None
Oxybutynin,Ditropan,Urinary Antispasmodic,"tablet, tablet ER, Syrup, transdermal Gel, transdermal patch twice weekly","Constipation, xerostomia, blurred vision","Prolonged QTC, seizures, tachycardia","CI: hypersensitivity to oxybutynin, gastric retention, glaucoma, urinary retention"
Oxycodone,Oxycontin,Opioid Analgesic C2,"capsule, tablet IR, tablet ER 12 hr abuse deterrent, capsule 12 hr abuse deterrent, solution, concentrate","Constipation, GI distress, sedation, sweating, pruritus","Cardiac arrest, respiratory depression, physical dependence, tolerance, severe hypersensitivity, serotonin syndrome, adrenal insufficiency, decreased sex hormones","CI: asthma, paralytic ileus, respiratory depression, hypercarbia BW: Addiction, abuse potential; REMS, respiratory depression, accidental ingestion, neonatal withdrawal, CYP3A4/5 interaction, concurrent use with benzodiazepines, medication errors with oral solution"
Pantoprazole,Protonix,Proton Pump Inhibitor,"tablet, packet","Abdominal pain, diarrhea, flatulence, headache","Toxic epidermal necrolysis, SJS, thrombocytopenia, hip fracture, rhabdomyolysis, acute interstitial nephritis, cutaneous or systemic lupus erythematosus",None
Paroxetine,"Paxil, Paxil CR",SSRI Antidepressant,"tablet, tablet ER 24 hr, suspension, capsule","Abnormal ejaculation, asthenia, diarrhea, constipation, headache, nausea, insomnia, somnolence","Serotonin syndrome, suicidal thoughts","CI: Concomitant use of thioridazine or MAOIs, pregnancy BW: Suicidality"
Penicillin,Various,Antibiotic,"tablet, solution","Diarrhea, N/V","Severe hypersensitivity, renal failure, hepatic failure, hemolytic anemia",None
Pentosan,Elmiron,Urinary Analgesic,capsule,Nausea,"proctitis, rectal hemorrhage, thrombocytopenia",None
"Pertussis, Tetanus Toxoid, Diphtheria Toxoid","Daptacel, Adacel, Boostrix, Infanrix","Vaccine, Inactivated, Bacterial",suspension for IM injection,"Injection site reactions, including erythema, swelling and soreness, fever, headache, fatigue, swelling of limb","Anaphylaxis, swelling or severe arm pain, Guillain-Barré syndrome",CI: Hypersensitivity to pertussis vaccine or a component of the vaccine; progressive neurologic disorders (until stable); encephalopathy without known cause within 7 d of a pertussis containing vaccine
Phenazopyridine,Pyridium,Urinary Analgesic,tablet,GI upset,"Anaphylaxis, Methemoglobinemia, hemolytic anemia, hepatotoxicity, nephrotoxicity",CI: Renal failure
Phenobarbital,Luminal,Long Acting Barbiturate,"tablet, elixir, solution","Apnea, ataxia, confusion, dizziness, hypotension, hypoventilation, rash, somnolence, syncope","Barbiturate withdrawal, bradyarrhythmia, megaloblastic anemia, respiratory depression, SJS",CI: marked liver function impairment; respiratory disease with evidence of dyspnea or obstruction; history of sedative or hypnotic addiction; personal or family history of acute
Phentermine,"Adipex-P, Lomaira",Centrally Acting Appetite Suppressant,"capsule, tablet","Increased BP, palpitations, tachyarrhythmia, urticaria, constipation, diarrhea, xerostomia, dizziness, excitement, headache, insomnia, tremor, dysphoric mood, euphoria, restlessness","Heart valve disorder, psychotic disorder, primary pulmonary hypertension","CI: Hypersensitivity to phentermine or other sympathomimetic amines, use in agitated states, cardiovascular disease, history of drug abuse, glaucoma, moderate to severe hypertension, hyperthyroidism"
Phenytoin,Dilantin,"Anticonvulsant, Hydantoin","capsule, chewable tablet, suspension",Gingival hyperplasia,"Hepatotoxicity, pancytopenia, systemic lupus erythematosus, SJS, suicidal behavior, withdrawal seizures","CI: Sinus bradycardia, AV block BW: Hypotension and Arrhythmias with IV administration"
Pioglitazone,Actos,Thiazolidinedione Antidiabetic,tablet,"Edema, weight gain","Heart failure, anemia, hepatotoxicity, diabetic macular edema, hypoglycemia when used in combination with insulin or sulfonylureas, bladder cancer",CI: NYHA III/IV heart failure BW: Heart failure risk
Pneumococcal Vaccine,"Prevnar 13, Pneumovax 23","Vaccine, Inactivated, Bacterial","suspension for IM injection, solution for SQ injection","Injection site reactions (erythema, swelling, and soreness), rash, decreased appetite, arthralgia, myalgia, decreased sleep, somnolence, headache, asthenia, chills, fever","Thrombocytopenia, Anaphylaxis",CI: Hypersensitivity to vaccine or components of vaccine
Poliovirus Vaccine,Ipol,"Vaccine, Inactivated, Viral",suspension for injection,"Injection site reactions (erythema, swelling and soreness), loss of appetite, fatigue, irritability","Anaphylaxis, febrile seizure, Guillain-Barré syndrome","CI: Hypersensitivity to Hib vaccine or a component of the vaccine (some formulations may contain 2-phenoxyethanol, calf serum, formaldehyde, neomycin, polymyxin, streptomycin); acute, febrile illness"
Polyethylene Glycol,Golytely,Hyperosmotic Laxative,powder for oral solution,"Anal irritation, bloating symptom, epigastric fullness, nausea, stomach cramps, vomiting","Anaphylaxis, dehydration, seizures","CI: Bowel perforation, gastric retention, GI obstruction, ileus, toxic megacolon"
Potassium Chloride,Klor-Con,"Electrolyte, Potassium","tablet ER, capsule ER, powder for solution, solution","Nausea, indigestion, flatulence","ECG changes with hypokalemia or hyperkalemia, esophagitis","CI: Hypersensitivity to potassium, acute renal failure, structural, pathologic, or pharmacologic causes that delay tablet passage through the GI tract, hyperkalemia, Addison disease, acute dehydration"
Potassium Iodide,"SSKI, Thyroshield",Antithyroid agent,tablet. Solution,"Stomach upset, N/V, diarrhea, stomach pain","Goiter, hypothyroidism, thyroid adenoma, immune hypersensitivity reaction",None
Pramipexole,"Mirapex, Mirapex ER","Antiparkinsonian, Dopamine Agonist","tablet, tablet ER","Asthenia, dream disorder, dyskinesia, extrapyramidal movements, nausea, somnolence","Blackouts, impulsive behavior, heart failure, melanoma",None
Prasugrel,Effient,Antiplatelet Agent,tablet,"hypertension, hyperlipidemia, backache, headache, epistaxis","Atrial fibrillation, colon cancer, major bleeding, TTP, angioedema","CI: Active bleeding, history of transient ischemic attack or stroke BW: Bleeding risk; not recommended in patients ≥75 y of age; CABG"
Pravastatin,Pravachol,HMG-CoA Reductase Inhibitor,tablet,"Headache, heartburn, increased liver enzymes, influenza-like symptoms, musculoskeletal pain, myalgia, nausea, rash, vomiting","Rhabdomyolysis, Tendon rupture",CI: Use in breastfeeding
Prednisolone oral,"Orapred, Prelone",Adrenal glucocorticosteroid,"tablet, solution, syrup, suspension","GI upset, hypertension, atrophic condition of skin, impaired skin healing, osteoporosis, depression, euphoria, pulmonary tuberculosis, hyperglycemia","Primary adrenocortical insufficiency, Cushing syndrome, decreased body growth, increased risk of infection","CI: administration of live vaccines, fungal infections"
Prednisone,Deltasone,Adrenal Corticosteroid,"tablet, tablet DR",GI Upset,"Primary adrenocortical insufficiency, Cushing syndrome, decreased body growth, increased risk of infection","CI: Hypersensitivity to prednisone or other glucocorticosteroids, administration of live vaccines, fungal infections"
Pregabalin,Lyrica,"Anticonvulsant, Analgesic","capsule, tablet ER, solution","Dizziness, somnolence, ataxia, headache, peripheral edema",Angioedema,None
Prenatal Vitamin,"PreCare, PreNexa",Vitamin Supplement,tablet,Nausea,None,CI: Hypersensitivity to any component of vitamin and mineral supplement BW: iron toxicity
Prochlorperazine,Compazine,Phenothiazine (Oncology/Neuro),"tablet, rectal",Somnolence,"Respiratory depression, hypotension, neuroleptic malignant syndrome, agranulocytosis, extrapyramidal symptoms (increased risk in children <5 y of age), seizures, QTc prolongation","CI: Hypersensitivity to phenothiazines, bone marrow depression, children <20lb or 2 yo of age, comatose or greatly depressed states, severe hypotension BW: Mortality in elderly with dementia"
Progesterone,Prometrium,Progestin Hormone,"capsule, vaginal Gel, vaginal Insert","Weight change, headache, amenorrhea, breast tenderness, abdominal pain","Thromboembolism (DVT, PE), thrombophlebitis, osteoporosis","CI: Abnormal vaginal bleeding, history of estrogen- or progesterone-dependent neoplasia, active or history of DVT or PE, known or suspected pregnancy (oral only) BW: Cardiovascular disorders, breast cancer, dementia risk, risk versus benefits"
Promethazine,Phenergan,"Antihistamine, Phenothiazine","tablet, solution, suppository","Somnolence, xerostomia","Respiratory depression, hypotension, neuroleptic malignant syndrome, agranulocytosis, extrapyramidal symptoms, seizures, photosensitivity","CI: Hypersensitivity to promethazine, asthma, use in children <2 y of age, comatose state BW: Children <2 y of age (fatal respiratory depression)"
Propranolol,"Inderal, Inderal LA, Inderal XL",Beta Adrenergic Blocker - Nonselective,"tablet, capsule ER, solution",Hypotension,"Heart failure, interstitial nephritis","CI: asthma; sinus bradycardia, AV block, sick sinus syndrome, cardiogenic shock BW: Avoid abrupt withdrawal"
Quetiapine,"Seroquel, Seroquel XR",Antipsychotic (Atypical),"tablet, tablet ER","Agitation, headache, hypertension, somnolence, weight gain, xerostomia","Neuroleptic malignant syndrome, neutropenia, pancreatitis, sudden cardiac death, syncope, tardive dyskinesia, slowed or difficult breathing when used in combination with opioids","BW: Mortality in elderly with dementia, suicidality, not approved for children <10 y of age"
Quinapril,Accupril,ACE Inhibitor,tablet,"Diarrhea, dizziness, dry cough, fatigue, headache, hypotension, hyperkalemia, nephrotoxicity, rash, tachycardia, vomiting","Angioedema, birth defects, liver failure","CI: Hypersensitivity to ramipril or other ACEIs, history of ACEI-induced angioedema; concurrent sacubitril BW: Pregnancy"
Rabeprazole,Aciphex,Proton Pump Inhibitor,"tablet DR, capsule sprinkle","Headache, rash","Stevens-Johnson syndrome, fracture of bone, rhabdomyolysis, acute interstitial nephritis, increased risk of infections",None
Raloxifene,Evista,Selective Estrogen Receptor Modulator,tablet,"Hot flashes, arthralgia, flu like symptoms","Edema, hypertriglyceridemia, venous thromboembolism, cerebrovascular accident, pulmonary embolism","CI: pregnancy or lactation, current or history of thromboembolitic disorders BW: Venous thromboembolism, stroke"
Raltegravir,Isentress,"Antiretroviral Agent, Integrase Inhibitor","tablet, chewable tablet, oral packet",Elevated LFT's,"Anemia, cerebellar ataxia, depression, hepatitis, hypersensitivity, myopathy, nephrolithiasis, psychomotor hyperactivity (children), renal failure, rhabdomyolysis, Stevens-Johnson syndrome, suicidal ideation/behavior, thrombocytopenia, toxic epidermal necrolysis",None
Ramipril,Altace,ACE inhibitor,capsule,"Diarrhea, dizziness, dry cough, headache, hypotension, hyperkalemia, nausea, nephrotoxicity, rash, tachycardia, vomiting","Angioedema, birth defects, liver failure","CI: Hypersensitivity to ramipril or other ACEIs, history of ACEI-induced angioedema; concurrent sacubitril BW: Pregnancy"
Ranitidine,Zantac,Histamine H2 Receptor Antagonist,,,,CI: k BW: k
Ranolazine,Ranexa,Anti-anginal,"tablet, ER","Dizziness, headache, bradycardia, hypotension, edema, constipation, nausea, xerostomia, blurred vision","Angioedema, pancytopenia, pulmonary fibrosis, arrhythmia, renal failure, syncope, QTc prolongation",None
Repaglinide,Prandin,"Meglitinide, Antidiabetic",tablet,"Hypoglycemia, headache","Angina, hypertension, arrhythmia, thrombocytopenia, hypersensitivity, hepatotoxicity, Stevens-Johnson syndrome","CI: Diabetic Ketoacidosis, Type 1 diabetes, concurrent gemfibrozil"
Rifaximin,Xifaxan,"Antibiotic, Misc.",tablet,"Edema, dizziness, ascites, nausea","Severe hypersensitivity, angioedema, urticaria",None
Risedronate,"Actonel, Atelvia",Bisphosphonate,"tablet, tablet DR","Rash, abdominal pain, constipation, diarrhea, nausea, indigestion, backache, UTI","Osteonecrosis of the jaw, hypersensitivity reaction","CI: esophageal abnormalities that delay esophageal emptying, hypocalcemia, inability to sit or stand upright for at least 30 min."
Risperidone,Risperdal,"Benzisoxazole, Antipsychotic","tablet, Oral Dispersible tablet, solution","Extrapyramidal symptoms, insomnia, anxiety, fatigue, metabolic changes (hyperglycemia, dyslipidemia, weight gain, DM)","Neuroleptic malignant syndrome, pancreatitis, stroke, pancytopenia, sudden cardiac death, syncope, tardive dyskinesia, priapism, slowed or difficult breathing when used in combination with opioids, seizure, suicidal ideation or behavior","CI: agents that increase QTc interval BW: Mortality in elderly with dementia, DRESS"
f,Xarelto,Factor Xa Inhibitor,tablet,Bleeding,"Syncope, major bleeding, epidural hematoma, anaphylaxis, intracranial bleeding","CI: Active bleeding BW: Premature discontinuation increases thrombotic risk, risk of spinal/epidural hematoma"
Rizatriptan,Maxalt,"Antimigraine, Serotonin Receptor Agonist","tablet, ODT","Nausea, asthenia, dizziness, somnolence","Angina, cardiac dysrhythmia, coronary arteriosclerosis, heart block, hypertension, acute myocardial infarction, aphasia, cerebral ischemia, stroke, dystonia, hemiplegia, neuropathy, transient ischemic attack, oculogyric crisis","CI: Cerebrovascular syndromes, hemiplegic or basilar migraine, ischemic bowel disease, ischemic heart disease, peripheral vascular disease, severe hepatic impairment, uncontrolled hypertension, MAOI, ergot alkaloids"
Ropinirole,"Requip, Requip XL","Antiparkinsonian, Dopamine Agonist","tablet, tablet ER24","Dizziness, dyskinesia, nausea, orthostatic hypotension, somnolence, vomiting, hallucinations","Sinus node dysfunction, neuroleptic malignancy syndrome, impulse control/compulsive behaviors",None
Rosiglitazone,Avandia,Thiazolidinedione Antidiabetic,tablet,"Edema, weight gain, increased cholesterol","Heart failure, MI, anemia, hepatotoxicity, diabetic macular edema, hypoglycemia when used in combination with insulin or sulfonylureas","CI: Hypersensitivity to rosiglitazone, heart failure, NYHA class I-IV, pregnancy BW: Heart failure, MI risk"
Rosuvastatin,Crestor,HMG-CoA Reductase Inhibitors,"tablet, capsule sprinkle",Arthralgia,"Rhabdomyolysis, tendon rupture","CI: Active liver disease, use in breastfeeding"
Rotavirus Vaccine,"Rotarix, RotaTeq","Vaccine, Live, Viral",powder suspension for oral solution,"Vomiting, irritability, fever, otitis-media, diarrhea","Intussusception, anaphylaxis, seizures","CI: severe combined immunodeficiency; uncorrected GI malformation (Rotarix only), history of intussusception"
Sacubitril/Valsartan,Entresto,Neprilysin Inhibitor/Angiotensin 2 Receptor Antagonist,tablet,"Hypotension, hyperkalemia, increased SCr",Rhabdomyolysis,"CI: History of angioedema, pregnancy, concomitant ACE inhibitors, aliskiren BW: Pregnancy"
Saxagliptin,Onglyza,"DPP-4 Inhibitor, Antidiabetic",tablet,Hypoglycemia,"Pancreatitis, hypersensitivity, acute renal failure, Stevens-Johnson syndrome, rhabdomyolysis",None
Sertraline,Zoloft,SSRI antidepressant,"tablet, oral concentration","Diarrhea, fatigue, headache, insomnia, nausea","Suicidal thoughts, Serotonin Syndrome","CI: concomitant use of pimozide, thioridazine, or MAOIs BW: Suicidality, not approved for depression in children; approved for OCD in children >6 y of age"
Sildenafil,"Viagra, Revatio","Erectile Dysfunction, Pulmonary Hypertension Agent, Phosphodiesterase Inhibitor","tablet, suspension","Flushing, nausea, headache, visual disturbances, lack of blue/green color discrimination","AMI, seizures, strokes, sudden hearing loss, priapism","CI: concurrent nitrates, concurrent HIV protease inhibitors when used for treating pulmonary hypertension, concurrent guanylate cyclase stimulators"
Simvastatin,Zocor,HMG-CoA Reductase Inhibitors,"tablet, suspension","Abdominal pain, constipation, diarrhea, headache, increased liver enzymes, myalgia, nausea, rash","Rhabdomyolysis, myopathy, hepatotoxicity, tendon rupture, elevated HgA1c, immune-mediated necrotizing myopathy","CI: active liver disease, use in breastfeeding"
Sitagliptin,Januvia,"DPP-4 Inhibitor, Antidiabetic",tablet,"Hypoglycemia, Headaches, nasopharyngitis, nausea, diarrhea","Pancreatitis, hypersensitivity, acute renal failure, Stevens-Johnson syndrome, rhabdomyolysis, severe arthralgias",None
Sofosbuvir,Sovaldi,Polymerase Inhibitor (Anti-HCV),tablet,"Fatigue, headache, insomnia, chills, pruritus, rash, nausea, anemia","Pancytopenia, depression, suicidality","CI: Because of ribavirin risk, do not use in pregnant women, or men whose female partners are pregnant BW: HBV infection"
Solifenacin,Vesicare,"Urinary Antispasmodic, Anticholinergic Agent",tablet,"Constipation, xerostomia, blurred vision","Angioedema, QTc prolongation, exfoliative dermatitis","CI: gastric retention, uncontrolled glaucoma, urinary retention BW: none"
Spironolactone,"Aldactone, CaroSpir","Potassium-Sparing Diuretic, Selective Aldosterone Blocker","tablet, suspension",None,"Cardiac arrhythmias, gastric hemorrhage","CI: anuria, acute renal insufficiency, hyperkalemia BW: tumorigenic in animals"
Sucralfate,Carafate,"GI agent, PUD & GERD","tablet, suspension",Constipation,"Bezoar formation, diarrhea, GI distress, hyperglycemia",None
Sumatriptan,Imitrex,"Antimigraine, Serotonin Receptor Agonist","tablet, nasal solution, transdermal patch, SQ, nasal powder","Nausea, asthenia, dizziness, somnolence","Angina, cardiac dysrhythmia, coronary arteriosclerosis, heart block, hypertension, AMI, aphasia, cerebral ischemia, stroke, dystonia, hemiplegia, neuropathy, transient ischemic attack, oculogyric crisis","CI: cerebrovascular syndromes, hemiplegic or basilar migraine, ischemic bowel disease, ischemic heart disease, peripheral vascular disease, severe hepatic impairment, uncontrolled hypertension, MAOIs, ergot alkaloids"
Tacrolimus,"Prograf, Astagraf XL, Envarsus XR",Calcineurin inhibitor,"capsule, capsule ER, tablet ER","Chest pain, hypertension, alopecia, diabetes, hyperglycemia, hyperkalemia, hypomagnesemia, hyperlipidemia, constipation, diarrhea, nausea, anemia, leukopenia, thrombocytopenia, infection, arthralgia, dizziness, headache, insomnia, neuropathy, myoclonus, seizure, nephrotoxicity, dyspnea, pleural effusions, pruritus, elevated LFTs","Cardiomegaly, arrhythmia, Stevens-Johnson syndrome, increased risk of cancer, pancreatitis, acute renal failure","CI: concurrent ziprasidone use BW: Risk of infection, risk of malignancies, increased mortality in female transplant patients with Astagraf XL, Astagraf XL not approved for liver transplant"
Tadalafil,"Cialis, Adcirca","Erectile Dysfunction, Pulmonary Hypertension Agent, Phosphodiesterase",tablet,"Flushing, nausea, myalgia, headache, Nasopharyngitis, angina, chest pain, hypotension","Stevens-Johnson syndrome, AMI, seizures, strokes, sudden hearing loss","CI: concurrent nitrates, concurrent guanylate cyclase stimulators"
Tamoxifen,Soltamox,"Estrogen Receptor Antagonist, Antineoplastic","tablet, solution","Flushing, hypertension, edema, hot flashes, vaginal discharge, Venous thrombosis, insomnia, thrombocytopenia, elevated liver function tests, fractures, osteoporosis, hyperlipidemia","Thrombosis, endometrial hyperplasia, uterine cancer, retinopathy","CI: Concurrent warfarin, DVT, PE is used for prevention BW: Uterine malignancies, stroke, PE"
Tamsulosin,Flomax,Alpha-1 adrenergic blocker,capsule,"Dizziness, headache, abnormal ejaculation, rhinitis","Retinal detachment, priapism",None
Telmisartan,Micardis,Angiotensin 2 Receptor Antagonist,tablet,"Dizziness, cough, diarrhea, drowsiness, headache, hyperkalemia, hypotension, nausea, nephrotoxicity, rash, tachycardia","Angioedema, rhabdomyolysis","CI: pregnancy, concurrent use with aliskiren in patients with DM BW: Pregnancy"
Temazepam,Restoril,Benzodiazepine C4,capsule,"Drowsiness, somnolence, impaired motor coordination, Hypotension, blurred vision, nausea, diarrhea, confusion, headache","Complex behavior, anaphylaxis, worsening of depression, angioedema, drug dependence","CI: narrow-angle glaucoma, pregnancy"
Terazosin,Hytrin,Alpha-1 adrenergic blocker,capsule,"Asthenia, dizziness",Hepatotoxicity,None
Terbinafine,Lamisil,Antifungal,tablet,"Diarrhea, headache","Cutaneous lupus erythematosus, erythema multiforme, Stevens-Johnson syndrome, agranulocytosis, neutropenia, pancytopenia, liver failure, systemic lupus erythematosus",CI: Chronic or active hepatic disease
Testosterone,"AndroGel, Androderm",Androgen C3,"Gel, solution, Trans. Cream, Gel, Gel transdermal pump, transdermal patch, Mucoadhesive Buccal App., Nasal gel","Benign prostatic hyperplasia, testicular atrophy, PSA increase","Cardiac arrest, cerebrovascular accident, hepatotoxicity, hallucinations, hostility and aggression","CI: Men with breast or prostate cancer; women who are pregnant, who may become pregnant, or who are breastfeeding BW: Secondary exposure"
Thyroid,Armour Thyroid,Thyroid Supplement,tablet,None,"Aggravation of preexisting cardiovascular disease, hyperthyroidism","CI: nontoxic diffuse goiter or nodular thyroid disease, thyrotoxicosis, AMI, treatment of obesity or weight loss, uncorrected adrenal insufficiency; may precipitate acute adrenal crisis BW: Ineffective and potentially toxic when used for weight loss"
Ticagrelor,Brilinta,Platelet aggregation Inhibitor,tablet,Dyspnea,"Angioedema, atrioventricular block, bradycardia, gout, hypersensitivity reaction, skin rash","CI: Hypersensitivity, active bleeding, history of intracranial bleeding BW: Bleeding risk; use in CABG surgery, avoid aspirin >100 mg daily"
Tiotropium,"Spiriva Handihaler, Spiriva Respimat",Anticholinergic Bronchodilator,"inhalation capsule, inhalation solution","Xerostomia, Upper Respiratory infection","Bowel obstruction, cerebrovascular accident, bronchospasm","CI: Hypersensitivity to tiotropium, ipratropium, or milk protein"
Tizanidine,Zanaflex,"Alpha-2 Adrenergic Agonist, Centrally Acting Skeletal Muscle Relaxant","capsule, tablet","Hypotension, xerostomia, asthenia, dizziness, somnolence, muscle weakness","AMI, thrombocytopenia, hepatitis, PE, hypersensitivity, death, slowed or difficult breathing when used in combination with opioids",CI: concurrent use with CYP1A2 inhibitors
Tolterodine,"Detrol, Detrol LA","Antimuscarinic, Overreactive Urinary Bladder","tablet, capsule ER",Xerostomia,"Tachycardia, QTc prolongation, angioedema, hallucinations",CI: fesoterodine; gastric retention; uncontrolled narrow-angle glaucoma; urinary retention
Tolvaptan,Samsca,Vasopressin Antagonist,tablet,"Increased thirst, nausea, xerostomia, polyuria, fatigue, diarrhea","Hypovolemia, hepatic failure, osmotic demyelination syndrome","CI: Anuria, concurrent use of strong CYP3A4/5 inhibitors, hypovolemic hyponatremia, hypersensitivity BW: Initiate treatment in hospital to monitor serum sodium. Too rapid correction (e.g., >12 mEq/24 h) can results in seizures, coma, and death; correct sodium gradually"
Topiramate,Topamax,Anticonvulsant,"capsule, capsule sprinkle, tablet, capsule ER24","Ataxia, loss of appetite, dizziness, impaired psychomotor performance, somnolence, fatigue, nystagmus, low serum bicarbonate","Erythema multiforme, Stevens-Johnson syndrome, hypohidrosis, increased body temperature, metabolic acidosis, liver failure, glaucoma, myopia, suicidal ideation, visual field defects",CI: alcohol use for the ER formulation (within 6 h prior to and 6 h after administration)
Torsemide,Demadex,Loop Diuretic,tablet,"Polyuria, ECG abnormality, GI distress, myalgia","Angioedema, thrombocytopenia, electrolyte abnormalities, anuria","CI: Hypersensitivity to torsemide or sulfonylureas, anuria, hepatic coma"
Tramadol,Ultram,Opioid Analgesic C4,"tablet, tablet ER, solution, capsule ER24","Constipation, GI distress, dizziness, sedation, edema, sweating, pruritus, headaches, flushing","Cardiac arrest, physical dependence, tolerance, seizures, pancreatitis, suicidal ideation, anemia, serotonin syndrome, adrenal insufficiency, decreased sex hormones","CI: Hypersensitivity to tramadol or other opioids, paralytic ileus, respiratory depression, bronchial asthma, age <12 y, hypercapnia, MAOI use or use within last 14 d BW: Addiction, abuse, misuse, REMS, respiratory depression, accidental ingestions, CYP2D6, neonatal withdrawal syndrome, drug interactions, concurrent benzodiazepines, errors"
Travoprost,Travatan Z,"Prostaglandin, Antiglaucoma",ophthalmic solution,"Blurred vision, hyperpigmentation of eyelid",Cataract,None
Trazodone,Desyrel,"Antidepressant, Miscellaneous",tablet,"Dizziness, sedation, headache, nausea, somnolence, xerostomia","Bleeding risk, cardiac dysrhythmia, fractures, priapism, prolonged QTc, serotonin syndrome, suicidal thoughts, torsade de pointes","CI: use of MAOI BW: Suicidal ideation, not for use in children"
Triamcinolone Nasal,Nasacort AQ,Intranasal Adrenal Glucocorticosteroid,nasal spray,"Nasal irritation and burning, headache, pharyngitis, Epistaxis, taste perversion","Severe hypersensitivity, glaucoma, pneumonia, secondary hypocortisolism, osteoporosis",None
Triamcinolone Topical,(Various),Topical Corticosteroid,"cream, lotion, ointment, aerosol","Dry skin, burning sensation, stinging, pruritus/atrophy at site of administration",HPA suppression has been reported when used with occlusive dressings over larger surface areas,None
Triamterene/Hydrochlorothiazide,Dyazide. Maxzide,Potassium Sparing/Thiazide Diuretic Combination,"capsule, tablet","Hypotension, dizziness, headache","Cardiac arrhythmias, hepatitis, hyperkalemia, gout, pancreatitis, Stevens-Johnson syndrome, decreased visual acuity","CI: concomitant use of potassium supplements, potassium-containing salt substitutes, or other potassium-sparing diuretics; or in patients with anuria, acute/chronic renal insufficiency, or hyperkalemia BW: Hyperkalemia"
Trimethoprim/Sulfamethoxazole,"Bactrim, Septra",Sulfonamide Antibiotic,"tablet, suspension","Diarrhea, nausea, Skin rash, urticaria","Severe hypersensitivity, renal failure, hepatic failure, pancytopenia, arrhythmias, Stevens-Johnson syndrome, hyperkalemia, hypoglycemia, hemolytic anemia","CI: Hypersensitivity to sulfonamides, children <2 months, pregnant patients at term, megaloblastic anemia due to folate deficiency, history of drug-induced thrombocytopenia with use of sulfonamides or trimethoprim, marked hepatic damage or severe renal disease, concomitant administration with dofetilide"
Valacyclovir,Valtrex,Viral DNA polymerase Inhibitor,tablet,"Malaise, headache, nausea, neutropenia, nasopharyngitis, increased LFTs, Vomiting, diarrhea, dizziness, abdominal pain, rash","Severe hypersensitivity, renal failure, TTP",None
Valsartan,Diovan,Angiotensin 2 Receptor Antagonist,tablet,"Dizziness, increased BUN","Angioedema, rhabdomyolysis",CI: concurrent use with aliskiren in patients with DM BW: Pregnancy
Vardenafil,"Levitra, Staxyn","Erectile Dysfunction, Phosphodiesterase Inhibitor","tablet, ODT","Flushing, headache, Nasopharyngitis, angina, hypotension","AMI, seizures, strokes, sudden hearing loss, priapism, nonarteritic anterior ischemic optic neuropathy (NAION)","CI: concurrent nitrates, concurrent guanylate cyclase stimulators"
Varenicline,Chantix,Smoking Cessation Agent (Neuro),tablet,"Dream disorder, nausea, headache, insomnia, irritability, Constipation, flatulence, vomiting, depression, anxiety","Abnormal behavior, suicidal thoughts, angioedema, hypersensitivity reactions, increased risk of accidents, increased risk of cardiovascular related events, sleepwalking, seizures",none
Varicella Vaccine,Varivax,"Vaccine, Live, Viral",injection,"Fever, injection site reactions including erythema, swelling, and soreness, Rash, GI symptoms, lymphadenopathy, headache, irritability, somnolence","Thrombocytopenia, anaphylaxis, herpes zoster, febrile seizure","CI: Hypersensitivity to varicella vaccine or a component of the vaccine (some formulations may contain gelatin, neomycin); immunosuppression; pregnancy; active, untreated tuberculosis"
Venlafaxine,"Effexor, Effexor XR",Serotonin/Norepinephrine Reuptake Inhibitor,"tablet, tablet ER, capsule ER","Dizziness, headache, insomnia, nausea, somnolence, xerostomia, weakness,","GI hemorrhage, hepatotoxicity, serotonin syndrome, suicidal thoughts",CI: MAOIs BW: Suicidal ideations
Verapamil,"Calan, Calan SR","Calcium Channel Blocker, Phenylthiazine","tablet, tablet ER, capsule ER","Gingival hyperplasia, Bradyarrhythmia, constipation, dizziness, fatigue, headache, hypotension, indigestion, nausea, palpitations, peripheral edema, rash, syncope, elevated liver enzymes","Congestive heart failure, heart block, hepatotoxicity, pulmonary edema","CI: Hypersensitivity to verapamil; symptomatic hypotension (systolic BP <90 mm Hg); 2nd- or 3rd-degree AV heart block, sick sinus syndrome; severe left ventricular dysfunction (ejection fraction <30%), atrial fibrillation/flutter associated with accessory bypass tract"
Vilazodone,Viibryd,SSRI/5-HT1A Receptor partial Agonist,tablet,"Diarrhea, nausea, H/A","Hyponatremia, serotonin syndrome, suicidal ideation",CI: MAOIs BW: Suicidal thinking and suicidal behavior
Warfarin,Coumadin,"Anticoagulant, Vitamin K Antagonist","lozenge, tablet, sublingual tablet, nasal",Bleeding,"Hemorrhage (particularly GI tract), purple toe syndrome, tissue necrosis, calciphylaxis",None
Ziprasidone,Geodon,"Antipsychotic, Second Generation",capsule,"Dizziness, extrapyramidal disease, headache, nausea, somnolence","Bone marrow depression, diabetes, neuroleptic malignant syndrome, prolonged QTc interval, syncope, tardive dyskinesia, torsades de pointes, DRESS, slowed or difficult breathing when used in combination with opioids","CI: acute or recent AMI; uncompensated heart failure; QTc prolongation, including congenital long QTc syndrome; concomitant administration of other drugs that cause QTc prolongation BW: Elderly patients with dementia are at increased risk of death, DRESS"
Zolpidem,"Ambien, Intermezzo",Nonbarbiturate Hypnotic,tablet,"N/V, phosopholipidemia","Tachycardia, complex behavior, abnormal thinking, behavior changes, anaphylaxis, worsening of depression, angioedema, drug dependence, slowed or difficult breathing when used in combination with opioids, falls leading to severe injuries associated with decreased level of consciousness","BEERS, contraindicated in severe bradycardia, sinus node dysfunction, 2/3 degree AV block"
Zoster Vaccine,Zostavax,"Vaccine, Live, Viral",injection,"Injection site reactions, including erythema, swelling, and soreness, headache, flu like symptoms","Anaphylaxis, Guillain-Barré syndrome","CI: Hypersensitivity to zoster vaccine or a component of the vaccine (some formulations contain gelatin, neomycin); immunosuppression; pregnancy"
Zoster Vaccine,Shingrix,"Vaccine, Recombinant",injection,"Injection site reactions, including erythema, swelling, and soreness, headache, flu like symptoms","Anaphylaxis, Guillain-Barré syndrome","CI: Hypersensitivity to zoster vaccine or a component of the vaccine (some formulations contain gelatin, neomycin); immunosuppression; pregnancy"